dataset,strategy,n_estimators,max_imbalance_ratio,n_folds,n_classes,n_rows,natural_ratio_mean,n_context_mean,time_mean,time_std,roc_auc_mean,roc_auc_std,log_loss_mean,log_loss_std
APSFailure,class_aware,1,1,5,2,12000,54.29998006776958,347.2,4.413783144601621,0.10244716575124822,0.9866136894818635,0.006890036319776377,0.03720607869327066,0.00833563080903557
APSFailure,uniform,1,1,5,2,12000,54.29998006776958,347.2,4.333273739996367,0.136726793434798,0.9856083748669688,0.007087616270469,0.036787401139736116,0.004810188271266556
APSFailure,class_aware,1,3,5,2,12000,54.29998006776958,694.4,5.481781616798253,0.5017480359821872,0.9885154129639424,0.007446800536713935,0.02982860021293158,0.00556309951360432
APSFailure,uniform,1,3,5,2,12000,54.29998006776958,694.4,5.519862636401376,0.28447057651595525,0.986234784221214,0.0061802415681135175,0.03407151885330672,0.0038495732152503603
APSFailure,class_aware,1,5,5,2,12000,54.29998006776958,1041.6,6.346114642398606,0.2844713295766499,0.9892140313893181,0.007164791119666944,0.02902281805872914,0.005447632843310026
APSFailure,uniform,1,5,5,2,12000,54.29998006776958,1041.6,6.446417878400825,0.31913989255402203,0.9878197965991875,0.005708507790380547,0.032661388814449285,0.004707592151494073
APSFailure,class_aware,1,10,5,2,12000,54.29998006776958,1909.6,8.187202030798653,0.37080206764443757,0.9900969269766474,0.007087014669744395,0.026941556483507118,0.00695346600869197
APSFailure,uniform,1,10,5,2,12000,54.29998006776958,1909.6,8.188951988401822,0.22983836879631975,0.9880864577438114,0.006597087219231606,0.03164543136954304,0.005618386471722289
APSFailure,class_aware,1,15,5,2,12000,54.29998006776958,2777.6,9.668867171402962,0.2741826768997639,0.990594801079521,0.006632894538881949,0.025944030657410598,0.00641839113902083
APSFailure,uniform,1,15,5,2,12000,54.29998006776958,2777.6,9.577484341201489,0.32569525672901545,0.9902086508408308,0.005789457800736473,0.028475362062454178,0.006511722739160258
APSFailure,class_aware,1,20,5,2,12000,54.29998006776958,3645.6,11.107364946400049,0.15439455650220962,0.9905540133731702,0.006344569979856066,0.026246075704693738,0.006572774255276369
APSFailure,uniform,1,20,5,2,12000,54.29998006776958,3645.6,11.380035658199631,0.051736275596506516,0.9906247653964959,0.005174857513146324,0.027585284411907163,0.0053596190219939365
MIC,class_aware,1,1,5,8,1699,119.31555555555556,76.8,0.6564455801999429,0.02383717069552079,0.8130446221975529,0.07230438173445324,0.6167287707328797,0.10658200307697943
MIC,uniform,1,1,5,8,1699,119.31555555555556,76.8,0.6623071097987122,0.06904164882195479,0.859876234885621,0.022286204044066657,0.5811720848083496,0.026696430245647787
MIC,class_aware,4,1,5,8,1699,119.31555555555556,76.8,2.9348651354011963,0.0726756219251569,0.8831641131897918,0.023434693282084577,0.5239327013492584,0.02876145549364546
MIC,uniform,4,1,5,8,1699,119.31555555555556,76.8,2.9417227081969033,0.0747487595233309,0.8860714056631498,0.022902785212641916,0.5174469828605652,0.01678628660598128
MIC,class_aware,8,1,5,8,1699,119.31555555555556,76.8,5.2078893363985115,0.09265425380322509,0.9039643488210137,0.02251484723937158,0.5058792352676391,0.029146352137709233
MIC,uniform,8,1,5,8,1699,119.31555555555556,76.8,5.203093090398761,0.05979038768992915,0.8924096354215949,0.019213041700577284,0.5012008845806122,0.019125182168828223
MIC,class_aware,1,3,5,8,1699,119.31555555555556,172.0,0.7234940376016311,0.010713779712518332,0.8846759529990976,0.025320309433873686,0.4893062174320221,0.03357281386696589
MIC,uniform,1,3,5,8,1699,119.31555555555556,172.0,0.7337129664025269,0.02660365585884229,0.8845298765666116,0.013353734291397353,0.5009538173675537,0.026863300946285577
MIC,class_aware,4,3,5,8,1699,119.31555555555556,172.0,3.2902819419963634,0.06159315758876163,0.9137050939496311,0.018538965388932842,0.46493258476257326,0.027823576061075612
MIC,uniform,4,3,5,8,1699,119.31555555555556,172.0,3.4355069087963783,0.09060079604162237,0.8978544793970139,0.01907776277082679,0.48545439839363097,0.026624175561357117
MIC,class_aware,8,3,5,8,1699,119.31555555555556,172.0,6.240192575799301,0.09868077809574785,0.920149283113485,0.018081189078819435,0.4583711802959442,0.025278365550653898
MIC,uniform,8,3,5,8,1699,119.31555555555556,172.0,6.601923348999117,0.25157234877715157,0.9033758932740948,0.015846453022003548,0.47756325006484984,0.017864665636990216
MIC,class_aware,1,5,5,8,1699,119.31555555555556,224.8,0.8187311652029166,0.05607218527504921,0.8982408008807623,0.020385473868972735,0.4658781588077545,0.02757112395829232
MIC,uniform,1,5,5,8,1699,119.31555555555556,224.8,0.8124289284038241,0.03067835648260755,0.8909947002233343,0.005611916913212947,0.4947852075099945,0.013618774407838902
MIC,class_aware,4,5,5,8,1699,119.31555555555556,224.8,3.5115116063985625,0.04272824443660606,0.917856496802664,0.01389933867177116,0.4510797083377838,0.026568324455936255
MIC,uniform,4,5,5,8,1699,119.31555555555556,224.8,3.5890673138012064,0.13114211221914082,0.8994374391206795,0.020851415284077763,0.4786857604980469,0.027219345940541647
MIC,class_aware,8,5,5,8,1699,119.31555555555556,224.8,7.469696308601124,0.466336085192613,0.918152313155032,0.015239171307466954,0.4495840907096863,0.024646776116036648
MIC,uniform,8,5,5,8,1699,119.31555555555556,224.8,7.169664776201534,0.24779634464835343,0.9060958997097242,0.02083785349941833,0.47130751609802246,0.0304662155080837
MIC,class_aware,1,10,5,8,1699,119.31555555555556,312.8,0.9991423480008962,0.022177817330448622,0.9126982580793879,0.01368577654752753,0.4527503252029419,0.02398196780565114
MIC,uniform,1,10,5,8,1699,119.31555555555556,312.8,0.9950350205996074,0.032565272127975754,0.9022764024068625,0.01614458111065481,0.47952077984809877,0.03030086895632613
MIC,class_aware,4,10,5,8,1699,119.31555555555556,312.8,3.998443510798097,0.11616315587183265,0.9225702779616156,0.013466162335600204,0.4422270476818085,0.024193547206102006
MIC,uniform,4,10,5,8,1699,119.31555555555556,312.8,4.038440193198039,0.1842123507044085,0.9126737783816988,0.020838673885210327,0.4611722528934479,0.03033856549890594
MIC,class_aware,8,10,5,8,1699,119.31555555555556,312.8,8.286499720801658,0.6349380764671034,0.9239169909879708,0.015135899003496232,0.43939645290374757,0.021541697790588153
MIC,uniform,8,10,5,8,1699,119.31555555555556,312.8,8.655682209601219,0.9830257100717217,0.914766758991545,0.022909405384187082,0.4578703701496124,0.029090446622106067
MIC,class_aware,1,15,5,8,1699,119.31555555555556,360.8,1.0696079571964219,0.030492383319305143,0.9170905091047272,0.011108488685619025,0.4466651201248169,0.022852693024512986
MIC,uniform,1,15,5,8,1699,119.31555555555556,360.8,1.042782921597245,0.01781741655293662,0.9046446965020625,0.011080384253025063,0.47448437809944155,0.023963416562008715
MIC,class_aware,4,15,5,8,1699,119.31555555555556,360.8,4.2399800205996145,0.08216668324044765,0.9237157391238716,0.015811780505750314,0.4383306443691254,0.025833965238239928
MIC,uniform,4,15,5,8,1699,119.31555555555556,360.8,4.281685620998905,0.13321213198267545,0.9143160709854765,0.022699904308923192,0.4584054410457611,0.030926911107264476
MIC,class_aware,8,15,5,8,1699,119.31555555555556,360.8,10.090942268597427,0.6194719052835451,0.9248037304843086,0.01529431504034608,0.4363024473190308,0.023412787771464848
MIC,uniform,8,15,5,8,1699,119.31555555555556,360.8,10.633484997399501,0.6748397798650342,0.9166743327164744,0.02118265188680685,0.45602641105651853,0.02840944372308933
MIC,class_aware,1,20,5,8,1699,119.31555555555556,408.8,1.1519571403987356,0.047501732666164274,0.9202609991610904,0.01314808750142156,0.4434990048408508,0.022648469328037883
MIC,uniform,1,20,5,8,1699,119.31555555555556,408.8,1.1300412433964084,0.010309896496714028,0.9107223363469888,0.012208412017078386,0.4680112659931182,0.026454451564788154
MIC,class_aware,4,20,5,8,1699,119.31555555555556,408.8,4.616588068804413,0.16549642632937278,0.9243585586075188,0.01472712837648098,0.4371491253376007,0.024887924950318992
MIC,uniform,4,20,5,8,1699,119.31555555555556,408.8,4.6428394178015875,0.18333190705829927,0.9164728065175517,0.020933556101692796,0.4547261357307434,0.028177840958901603
MIC,class_aware,8,20,5,8,1699,119.31555555555556,408.8,9.402925036600209,0.6177765719590056,0.9264153899793554,0.016796654785632473,0.433232718706131,0.024179787236497368
MIC,uniform,8,20,5,8,1699,119.31555555555556,408.8,9.23391635799926,0.22146006728708992,0.9179551207607695,0.022599270762175504,0.45355476140975953,0.026822035936158405
MIC,class_aware,1,30,5,8,1699,119.31555555555556,504.8,1.186730862998229,0.03533804583291164,0.9231934780340906,0.011649699884776566,0.4403751790523529,0.02666882982628257
MIC,uniform,1,30,5,8,1699,119.31555555555556,504.8,1.1851416074001464,0.006736534294019284,0.9110060629206979,0.010253063451707898,0.4648371160030365,0.02270123531546688
MIC,class_aware,4,30,5,8,1699,119.31555555555556,504.8,4.619732685998315,0.17140770266631034,0.9243237202061877,0.013902645082879314,0.43591189980506895,0.025141510794355715
MIC,uniform,4,30,5,8,1699,119.31555555555556,504.8,4.661664894394926,0.15262162533933127,0.9199144554380047,0.018446803956670848,0.4476429522037506,0.027942021432135974
MIC,class_aware,8,30,5,8,1699,119.31555555555556,504.8,9.749580438798876,0.19905822783378194,0.9261172692849691,0.016241388795103128,0.43329588770866395,0.025175966339836296
MIC,uniform,8,30,5,8,1699,119.31555555555556,504.8,9.631025001003582,0.11357968042371283,0.920032732919412,0.021448934364099233,0.4474964916706085,0.027506346949367304
MIC,class_aware,1,none,5,8,1699,119.31555555555556,1359.2,2.1779037732019786,0.054478954411747174,0.9250447953002606,0.013424056913670834,0.43788366317749017,0.027053987838151942
MIC,class_aware,4,none,5,8,1699,119.31555555555556,1359.2,7.684150526400481,0.03206295727369048,0.9256482597619555,0.012944075696960032,0.4413546442985535,0.019971904730394036
MIC,class_aware,8,none,5,8,1699,119.31555555555556,1359.2,16.360517241200434,0.1310264863930276,0.924415666095174,0.013217530599923215,0.44130964279174806,0.021207123942398362
anneal,class_aware,1,1,5,5,898,85.9857142857143,32.0,0.28163499139918713,0.016664645401213988,0.9646006188275102,0.023455800540049417,0.2591779738664627,0.09247472854817854
anneal,uniform,1,1,5,5,898,85.9857142857143,32.0,0.32081173519836736,0.10789179535516492,0.9480900589007721,0.030833528663010715,0.3636775016784668,0.08944880993019849
anneal,class_aware,4,1,5,5,898,85.9857142857143,32.0,0.737887553802284,0.05276616707071938,0.9803460562587955,0.01675818853730356,0.17820507287979123,0.07339224312776935
anneal,uniform,4,1,5,5,898,85.9857142857143,32.0,0.6897374060019501,0.019604702607809218,0.9862536165974752,0.008389817637504808,0.2558430790901184,0.03690260156763735
anneal,class_aware,8,1,5,5,898,85.9857142857143,32.0,1.3022498800011817,0.14137419839665621,0.9882022929720508,0.009953366557353368,0.14777224212884899,0.04995720779774517
anneal,uniform,8,1,5,5,898,85.9857142857143,32.0,1.2128746787973796,0.036356652387301736,0.9896035329018387,0.005472196163353178,0.24645136892795563,0.03949732992531114
anneal,class_aware,1,3,5,5,898,85.9857142857143,83.2,0.3073400206034421,0.03295501136042372,0.9964951229233661,0.0026649677856001226,0.12548774480819697,0.07635618698437951
anneal,uniform,1,3,5,5,898,85.9857142857143,83.2,0.29683835160249145,0.0089039113510052,0.9822038037703607,0.013479623669790677,0.19800378754734993,0.12961843111303153
anneal,class_aware,4,3,5,5,898,85.9857142857143,83.2,0.816446483998152,0.014122703733595109,0.9972926540295621,0.001924136272834635,0.07849677652120587,0.024897441780668723
anneal,uniform,4,3,5,5,898,85.9857142857143,83.2,0.8094099698049831,0.06094729860846451,0.9920377198959651,0.00804046395620159,0.13167629092931749,0.0832981986772672
anneal,class_aware,8,3,5,5,898,85.9857142857143,83.2,1.4123357460004626,0.017664464773745267,0.9968632081391909,0.0019962857194795796,0.06924296841025349,0.019792523959118822
anneal,uniform,8,3,5,5,898,85.9857142857143,83.2,1.396701929999108,0.03712889631520047,0.993656738248353,0.006266816940061871,0.11523395627737043,0.061253400387452694
anneal,class_aware,1,5,5,5,898,85.9857142857143,133.2,0.32011713420215526,0.033603943295222,0.9978233780777888,0.001662825931210845,0.05335100777447217,0.020052612695621634
anneal,uniform,1,5,5,5,898,85.9857142857143,133.2,0.30613999560009686,0.0030024519075697864,0.9953445181644194,0.003998841920361868,0.09177631363272662,0.041659969518003805
anneal,class_aware,4,5,5,5,898,85.9857142857143,133.2,0.9267349997986457,0.03949497271605946,0.998399858429077,0.002040035687183304,0.0555778712034225,0.03294258267340774
anneal,uniform,4,5,5,5,898,85.9857142857143,133.2,0.8870182951999596,0.019353334774773658,0.995271862113993,0.005132224215241479,0.08936531171202654,0.0578955844768504
anneal,class_aware,8,5,5,5,898,85.9857142857143,133.2,1.5465065165990382,0.03219785501658239,0.9979146319956014,0.0018703367854963357,0.05520919431000946,0.02566943301476719
anneal,uniform,8,5,5,5,898,85.9857142857143,133.2,1.527973076600756,0.030355480694691246,0.997312653080978,0.002375566595635132,0.07101786658167834,0.03337272908063101
anneal,class_aware,1,10,5,5,898,85.9857142857143,220.0,0.3381808064004872,0.008494565702881656,0.9982530838321448,0.001589042113441865,0.05535038635134691,0.024225786553806628
anneal,uniform,1,10,5,5,898,85.9857142857143,220.0,0.3463795814008336,0.034913477127126176,0.9974980166946776,0.0026544441205006747,0.07469881102442737,0.03846383590906296
anneal,class_aware,4,10,5,5,898,85.9857142857143,220.0,1.0427521717996568,0.04679322177221828,0.999325574194908,0.0007060832850765989,0.03178876545280214,0.021457623163735853
anneal,uniform,4,10,5,5,898,85.9857142857143,220.0,1.0332430331996876,0.013840408703087144,0.9985241727193335,0.001496677598315739,0.05760131962597368,0.036376186625758686
anneal,class_aware,8,10,5,5,898,85.9857142857143,220.0,2.045298261199787,0.11567658690538277,0.999281600566649,0.0008466263535590559,0.034621365554630704,0.018922867328695185
anneal,uniform,8,10,5,5,898,85.9857142857143,220.0,2.186659687802603,0.17886596429446114,0.9986891363065048,0.0014502739982376579,0.051037108525633756,0.03160777859711234
anneal,class_aware,1,15,5,5,898,85.9857142857143,267.2,0.35468874519719973,0.007404229050185185,0.9986079849937127,0.0012324432938548248,0.044020472653210116,0.01995671410846479
anneal,uniform,1,15,5,5,898,85.9857142857143,267.2,0.3729761316004442,0.03105284818858283,0.998035665853549,0.002281558759468154,0.07358331196010107,0.04088790797347053
anneal,class_aware,4,15,5,5,898,85.9857142857143,267.2,1.1018279230003827,0.012098773827507986,0.9991184908650791,0.0012940373533026212,0.034380958229303295,0.02329398486507714
anneal,uniform,4,15,5,5,898,85.9857142857143,267.2,1.1110005485999863,0.04498473413550781,0.9985601746575223,0.0010615201365279335,0.05654195435345172,0.03152931663413006
anneal,class_aware,8,15,5,5,898,85.9857142857143,267.2,2.118159731403284,0.17031311420176753,0.9991378394530889,0.0011948537725302493,0.031856852397322624,0.0188773201388082
anneal,uniform,8,15,5,5,898,85.9857142857143,267.2,2.1333973587985384,0.17279562475617638,0.9986414105358392,0.0018464847396759399,0.048826722055673545,0.03285242751820744
anneal,class_aware,1,20,5,5,898,85.9857142857143,299.2,0.38798062380083137,0.009097347074648685,0.9990161121799972,0.0013190027031144526,0.03249187218025322,0.023677118245994132
anneal,uniform,1,20,5,5,898,85.9857142857143,299.2,0.39656217960146023,0.02823477932754294,0.9978748074916357,0.0030161087341090695,0.061633373424410755,0.042297220882791774
anneal,class_aware,4,20,5,5,898,85.9857142857143,299.2,1.163697230600519,0.0174515066315872,0.9992812858001813,0.0010945088790742241,0.03008220549672838,0.020146291443892673
anneal,uniform,4,20,5,5,898,85.9857142857143,299.2,1.158702982602699,0.02113025919976053,0.9987487054924745,0.0009803632495323207,0.043844875693321184,0.020641691483607286
anneal,class_aware,8,20,5,5,898,85.9857142857143,299.2,2.596061102200474,0.15037233486406112,0.9994823303119054,0.0006596520515027329,0.02692166399210688,0.015274003404702526
anneal,uniform,8,20,5,5,898,85.9857142857143,299.2,2.584147222401225,0.13903583371067324,0.999023601268914,0.0010381794117112768,0.03884094413369888,0.019130453660084524
anneal,class_aware,1,30,5,5,898,85.9857142857143,363.2,0.41264152220392125,0.01493936126351059,0.9991319208750203,0.0013901501525794226,0.027431961055844983,0.021592419601846147
anneal,uniform,1,30,5,5,898,85.9857142857143,363.2,0.43145400759676705,0.03077476390255456,0.9979816473031878,0.003046458309170178,0.05602302402257916,0.03488189776052928
anneal,class_aware,4,30,5,5,898,85.9857142857143,363.2,1.2941671577980742,0.043096888337126174,0.9994243736554782,0.00081997734572184,0.02737425267696374,0.01931296796054084
anneal,uniform,4,30,5,5,898,85.9857142857143,363.2,1.3224948544011568,0.04060688443959626,0.9991208950724262,0.0006969090617875416,0.03859328813850876,0.012888126561510137
anneal,class_aware,8,30,5,5,898,85.9857142857143,363.2,2.849724845800665,0.11243734225720184,0.9995478987873575,0.0005627945482902136,0.02496411958709354,0.015099016771065489
anneal,uniform,8,30,5,5,898,85.9857142857143,363.2,2.8360198168011266,0.11029946445766949,0.9993855985167883,0.000588887985729633,0.03299901038408274,0.015540500182821264
anneal,class_aware,1,none,5,5,898,85.9857142857143,718.4,0.5351623591996031,0.012930743526205147,0.9998810345806767,0.0002660147645784232,0.016078716702759222,0.012601425328899527
anneal,class_aware,4,none,5,5,898,85.9857142857143,718.4,1.673379257398483,0.06054658212879888,0.9997105493660726,0.00048519398157091437,0.01813268167898054,0.013417534125429014
anneal,class_aware,8,none,5,5,898,85.9857142857143,718.4,3.570555805596814,0.07704984944174845,0.9997637550058706,0.00037305629225588266,0.01752732736058528,0.01260906586470762
coil2000_insurance_policies,class_aware,1,1,5,2,9822,15.76110382155158,937.6,2.7611811117996696,0.0374442229469588,0.7531237258488505,0.01172550789945047,0.20222070515155788,0.003071554060464615
coil2000_insurance_policies,uniform,1,1,5,2,9822,15.76110382155158,937.6,2.7450301870019755,0.11504253125602293,0.7070851723729042,0.015439410163275944,0.2132399499416351,0.0045001433684375616
coil2000_insurance_policies,class_aware,4,1,5,2,9822,15.76110382155158,937.6,11.730882035601827,0.5542996761932096,0.7651906043411278,0.011520473558141392,0.19999932348728178,0.0035364583941157003
coil2000_insurance_policies,uniform,4,1,5,2,9822,15.76110382155158,937.6,11.944390452999505,0.830813809090551,0.7341806906960662,0.02217073196376854,0.20767491161823273,0.005727220244416015
coil2000_insurance_policies,class_aware,1,3,5,2,9822,15.76110382155158,1875.2,3.9968856202001914,0.16401991164531055,0.760135401167354,0.013916943289602739,0.20052098333835602,0.003911987855612123
coil2000_insurance_policies,uniform,1,3,5,2,9822,15.76110382155158,1875.2,3.9728267857979516,0.09164979011783368,0.7421922446070629,0.005443138288134279,0.20513154864311214,0.0033001843826783923
coil2000_insurance_policies,class_aware,1,5,5,2,9822,15.76110382155158,2812.8,5.1421571827988375,0.391093632522073,0.7641689967449559,0.013830160707080003,0.2000433623790741,0.004434220463557074
coil2000_insurance_policies,uniform,1,5,5,2,9822,15.76110382155158,2812.8,5.088580244399782,0.29639738626886103,0.7481299797397594,0.009534991210308456,0.20325284302234645,0.004194981785100131
coil2000_insurance_policies,class_aware,1,10,5,2,9822,15.76110382155158,5156.8,8.12576189779793,0.19167155430602223,0.7656680158715067,0.013612319845580367,0.20012009441852566,0.0037489134072131456
coil2000_insurance_policies,uniform,1,10,5,2,9822,15.76110382155158,5156.8,8.027996649002308,0.2374609659448126,0.7544692356847661,0.010235648551084683,0.20258035063743587,0.0037253164928737178
coil2000_insurance_policies,class_aware,1,15,5,2,9822,15.76110382155158,7500.8,11.699769113400544,0.36884832876136076,0.7653897061449848,0.01056735879314293,0.20022936761379237,0.0034190642647020817
coil2000_insurance_policies,uniform,1,15,5,2,9822,15.76110382155158,7500.8,11.623326034197817,0.35040840329439454,0.7646002490798908,0.011327117449881862,0.20067678987979884,0.003606996854622494
coil2000_insurance_policies,class_aware,1,20,5,2,9822,15.76110382155158,7857.6,12.13363951799838,0.18724473725800422,0.7645326350714382,0.01078750595503684,0.20058520138263697,0.0035563141159681397
coil2000_insurance_policies,class_aware,1,30,5,2,9822,15.76110382155158,7857.6,12.13363951799838,0.18724473725800422,0.7645326350714382,0.01078750595503684,0.20058520138263697,0.0035563141159681397
coil2000_insurance_policies,class_aware,1,none,5,2,9822,15.76110382155158,7857.6,12.13363951799838,0.18724473725800422,0.7645326350714382,0.01078750595503684,0.20058520138263697,0.0035563141159681397
kddcup09_appetency,class_aware,1,1,5,2,12000,55.07507139942881,342.4,5.376066635001917,0.0271476304915083,0.8148388851574235,0.023780703585768732,0.07893512696027749,0.004951588143723086
kddcup09_appetency,uniform,1,1,5,2,12000,55.07507139942881,342.4,5.298617704598291,0.19156778287581908,0.635844709061798,0.062107776699483676,0.09854950755834571,0.013853917946029677
kddcup09_appetency,class_aware,1,3,5,2,12000,55.07507139942881,684.8,6.414422643797297,0.10848252787356996,0.8217399407010999,0.02171261016436007,0.07657049000263208,0.0027068118674464085
kddcup09_appetency,uniform,1,3,5,2,12000,55.07507139942881,684.8,6.388988570602669,0.11676640519253376,0.6786500259358659,0.038492911469210515,0.09138734787702556,0.0037564448531671873
kddcup09_appetency,class_aware,1,5,5,2,12000,55.07507139942881,1027.2,6.852417993599374,0.37661310314105356,0.8232634535233032,0.022238034698378515,0.07621156573295587,0.002705920055740616
kddcup09_appetency,uniform,1,5,5,2,12000,55.07507139942881,1027.2,6.894312172199716,0.3139982664744691,0.6989445448925921,0.02511510708220544,0.0904420748353004,0.004953716570141705
kddcup09_appetency,class_aware,1,10,5,2,12000,55.07507139942881,1883.2,8.78483669020061,0.07108453637753445,0.8187148870665701,0.02784623022916418,0.07695649862289426,0.003511873562059395
kddcup09_appetency,uniform,1,10,5,2,12000,55.07507139942881,1883.2,8.928963193600065,0.2792596118827648,0.7583891937983994,0.038108398070924615,0.08403818905353541,0.0048165921829383205
kddcup09_appetency,class_aware,1,15,5,2,12000,55.07507139942881,2739.2,10.786444170794857,0.10790811110672426,0.8181150276390226,0.02472144193825537,0.07698574960231779,0.0028466428269687924
kddcup09_appetency,uniform,1,15,5,2,12000,55.07507139942881,2739.2,10.789158977397893,0.18555830978112328,0.766681875509191,0.04211627024130887,0.08253784775733942,0.0038409681468252912
kddcup09_appetency,class_aware,1,20,5,2,12000,55.07507139942881,3595.2,13.12713264740014,0.3653863156393006,0.8158684302222656,0.026069794656486414,0.0773811057209968,0.0030061586303754507
kddcup09_appetency,uniform,1,20,5,2,12000,55.07507139942881,3595.2,12.956135155401716,0.33310791000859735,0.7802196944666304,0.027599229176156787,0.08152580261230463,0.0036342225228868695
polish_companies_bankruptcy,class_aware,1,1,5,2,5910,13.414634146341465,656.0,1.5321106336006778,0.12730850098419838,0.9629711751662973,0.005529078369581546,0.10686688572168349,0.004536606921406637
polish_companies_bankruptcy,uniform,1,1,5,2,5910,13.414634146341465,656.0,1.4615815291996115,0.08439907720702226,0.9282949002217296,0.025832250923637556,0.13916063010692592,0.01715457342136505
polish_companies_bankruptcy,class_aware,4,1,5,2,5910,13.414634146341465,656.0,5.48218778000155,0.17015936840429408,0.9715831485587583,0.004281370525719326,0.09257607311010359,0.004461429051798914
polish_companies_bankruptcy,uniform,4,1,5,2,5910,13.414634146341465,656.0,5.451097353600199,0.32034238645460134,0.9583414634146342,0.0036008828219696917,0.11382617503404613,0.0065338293560439145
polish_companies_bankruptcy,class_aware,8,1,5,2,5910,13.414634146341465,656.0,10.819992445598473,0.12906687951696263,0.9728847006651884,0.003556300136713117,0.09134392738342281,0.003728924488671426
polish_companies_bankruptcy,uniform,8,1,5,2,5910,13.414634146341465,656.0,10.820493158198952,0.19388658746235438,0.96049889135255,0.005939122795600459,0.11072688698768614,0.0065029165347208675
polish_companies_bankruptcy,class_aware,1,3,5,2,5910,13.414634146341465,1312.0,1.978459389800264,0.04707152854255761,0.971470066518847,0.007992104826564858,0.0940744891762733,0.012630263372511828
polish_companies_bankruptcy,uniform,1,3,5,2,5910,13.414634146341465,1312.0,1.9624367489974248,0.025208485919467782,0.9580177383592018,0.010728478239163002,0.11041961610317223,0.01662328298166884
polish_companies_bankruptcy,class_aware,4,3,5,2,5910,13.414634146341465,1312.0,7.5614279455985525,0.22056709123236,0.9808425720620843,0.007484363898888058,0.07512564957141873,0.011411052888369569
polish_companies_bankruptcy,uniform,4,3,5,2,5910,13.414634146341465,1312.0,7.690981443798227,0.051417671759545765,0.9728359201773836,0.006319379934792806,0.08873070478439327,0.0106144169112988
polish_companies_bankruptcy,class_aware,8,3,5,2,5910,13.414634146341465,1312.0,14.951568468598998,0.062397725906923746,0.9815454545454546,0.006309838498548895,0.07480564415454857,0.009461841661688909
polish_companies_bankruptcy,uniform,8,3,5,2,5910,13.414634146341465,1312.0,14.991385177802295,0.0758437344880755,0.9738847006651886,0.007116362126700566,0.0866749927401542,0.010268952190642238
polish_companies_bankruptcy,class_aware,1,5,5,2,5910,13.414634146341465,1968.0,2.5213665311952353,0.037961875087420854,0.9787516629711751,0.006238979891313798,0.08131012171506878,0.008520473469500281
polish_companies_bankruptcy,uniform,1,5,5,2,5910,13.414634146341465,1968.0,2.4816404129960574,0.032058810249826104,0.9716031042128603,0.010059952731227347,0.0912431254982948,0.01284406894642247
polish_companies_bankruptcy,class_aware,4,5,5,2,5910,13.414634146341465,1968.0,9.877629449598317,0.19138997890079024,0.9827405764966739,0.0067100853718059595,0.06960512474179263,0.011163108335576055
polish_companies_bankruptcy,uniform,4,5,5,2,5910,13.414634146341465,1968.0,9.87385674919642,0.038192019001598354,0.9794368070953439,0.006150073216901731,0.0766049467027187,0.010477253565094926
polish_companies_bankruptcy,class_aware,8,5,5,2,5910,13.414634146341465,1968.0,19.69632465240138,0.1416819004680397,0.983439024390244,0.006473416099894982,0.06991018056869504,0.010658151383475182
polish_companies_bankruptcy,uniform,8,5,5,2,5910,13.414634146341465,1968.0,19.651281647397262,0.04603404323036553,0.9796496674057649,0.005620140603511818,0.07510128021240232,0.009241235644644415
polish_companies_bankruptcy,class_aware,1,10,5,2,5910,13.414634146341465,3608.0,4.201553439201962,0.08388003275509867,0.9809645232815963,0.007803826810125473,0.07575063705444332,0.010436509186714946
polish_companies_bankruptcy,uniform,1,10,5,2,5910,13.414634146341465,3608.0,4.145401416998356,0.05626229088298398,0.9766563192904657,0.01253956624171574,0.0786218404769897,0.016708241735747798
polish_companies_bankruptcy,class_aware,4,10,5,2,5910,13.414634146341465,3608.0,16.409572174398637,0.13632427227341337,0.9852084257206208,0.006873057162180308,0.06481147632002826,0.011984129774506023
polish_companies_bankruptcy,uniform,4,10,5,2,5910,13.414634146341465,3608.0,16.387578978801322,0.09684404115314323,0.9832084257206208,0.006194793197180765,0.0686744645237922,0.010300580777059233
polish_companies_bankruptcy,class_aware,8,10,5,2,5910,13.414634146341465,3608.0,34.1368389876021,0.2615804046021018,0.9850731707317074,0.005570181742671294,0.06547682583332058,0.01003414873645492
polish_companies_bankruptcy,uniform,8,10,5,2,5910,13.414634146341465,3608.0,33.96843892879697,0.13030516015923932,0.9838447893569846,0.005012419372208443,0.0670395471155643,0.009641662355388337
polish_companies_bankruptcy,class_aware,1,15,5,2,5910,13.414634146341465,4728.0,5.321958967202226,0.019653099336991036,0.981019955654102,0.007334207748014485,0.07291816920042037,0.01073185527747153
polish_companies_bankruptcy,class_aware,4,15,5,2,5910,13.414634146341465,4728.0,21.239316931199575,0.2243310757432799,0.9856829268292684,0.005328412695039979,0.06324234977364535,0.010346071051255925
polish_companies_bankruptcy,class_aware,8,15,5,2,5910,13.414634146341465,4728.0,42.706427374796476,0.4637785612234701,0.9852616407982262,0.00543475105175005,0.0643373571336269,0.010432623363564065
polish_companies_bankruptcy,class_aware,1,20,5,2,5910,13.414634146341465,4728.0,5.321958967202226,0.019653099336991036,0.981019955654102,0.007334207748014485,0.07291816920042037,0.01073185527747153
polish_companies_bankruptcy,class_aware,4,20,5,2,5910,13.414634146341465,4728.0,21.239316931199575,0.2243310757432799,0.9856829268292684,0.005328412695039979,0.06324234977364535,0.010346071051255925
polish_companies_bankruptcy,class_aware,8,20,5,2,5910,13.414634146341465,4728.0,42.706427374796476,0.4637785612234701,0.9852616407982262,0.00543475105175005,0.0643373571336269,0.010432623363564065
polish_companies_bankruptcy,class_aware,1,30,5,2,5910,13.414634146341465,4728.0,5.321958967202226,0.019653099336991036,0.981019955654102,0.007334207748014485,0.07291816920042037,0.01073185527747153
polish_companies_bankruptcy,class_aware,4,30,5,2,5910,13.414634146341465,4728.0,21.239316931199575,0.2243310757432799,0.9856829268292684,0.005328412695039979,0.06324234977364535,0.010346071051255925
polish_companies_bankruptcy,class_aware,8,30,5,2,5910,13.414634146341465,4728.0,42.706427374796476,0.4637785612234701,0.9852616407982262,0.00543475105175005,0.0643373571336269,0.010432623363564065
polish_companies_bankruptcy,class_aware,1,none,5,2,5910,13.414634146341465,4728.0,5.321958967202226,0.019653099336991036,0.981019955654102,0.007334207748014485,0.07291816920042037,0.01073185527747153
polish_companies_bankruptcy,class_aware,4,none,5,2,5910,13.414634146341465,4728.0,21.239316931199575,0.2243310757432799,0.9856829268292684,0.005328412695039979,0.06324234977364535,0.010346071051255925
polish_companies_bankruptcy,class_aware,8,none,5,2,5910,13.414634146341465,4728.0,42.706427374796476,0.4637785612234701,0.9852616407982262,0.00543475105175005,0.0643373571336269,0.010432623363564065
seismic-bumps,class_aware,1,1,5,2,2584,14.200000000000003,272.0,0.3887998571968637,0.08188973463639011,0.7751780705065717,0.05724785387717469,0.2106616109609604,0.01595362462492488
seismic-bumps,uniform,1,1,5,2,2584,14.200000000000003,272.0,0.3522286730003543,0.014063325336055706,0.7686254043381741,0.05991965427143155,0.2148006528615951,0.015328736891564394
seismic-bumps,class_aware,4,1,5,2,2584,14.200000000000003,272.0,0.9871405494021019,0.0343971401932619,0.7767771802930084,0.06144228999870898,0.20991735756397248,0.013024725467099442
seismic-bumps,uniform,4,1,5,2,2584,14.200000000000003,272.0,0.9732723847962916,0.008576056512405675,0.774021742920513,0.05963139981753028,0.2130943089723587,0.019437715304311848
seismic-bumps,class_aware,8,1,5,2,2584,14.200000000000003,272.0,1.7010293833969627,0.012524124207890364,0.7759973085391472,0.06397517398113094,0.20998362600803372,0.01462740460628315
seismic-bumps,uniform,8,1,5,2,2584,14.200000000000003,272.0,1.6954086607991485,0.01621397300668717,0.7701054804025164,0.06399089557818055,0.21353569030761715,0.018317903139345282
seismic-bumps,class_aware,1,3,5,2,2584,14.200000000000003,544.0,0.42206918059673626,0.008251711087390276,0.7805280185319663,0.05208517642354009,0.20870501101016997,0.014965676531365091
seismic-bumps,uniform,1,3,5,2,2584,14.200000000000003,544.0,0.4169895471990458,0.00579401147668211,0.7605163046636658,0.05874040347007788,0.2147027969360351,0.013546984213882476
seismic-bumps,class_aware,4,3,5,2,2584,14.200000000000003,544.0,1.2700205825982267,0.025400100629444127,0.7813201701391363,0.05812094465381322,0.20809638500213617,0.014900635308105526
seismic-bumps,uniform,4,3,5,2,2584,14.200000000000003,544.0,1.2517047202010871,0.014296412832554162,0.7723469831735689,0.062051565853954896,0.21036646664142605,0.01582453125939896
seismic-bumps,class_aware,8,3,5,2,2584,14.200000000000003,544.0,2.6253742993998457,0.03628040098709765,0.7790313924595638,0.05856637030375051,0.20884695649147034,0.01477450562039241
seismic-bumps,uniform,8,3,5,2,2584,14.200000000000003,544.0,2.596902998999576,0.025235346468876298,0.7741819368916609,0.06355373093493473,0.21159998178482056,0.01649104124570285
seismic-bumps,class_aware,1,5,5,2,2584,14.200000000000003,816.0,0.5007184593952843,0.03308618414598748,0.7803319198868435,0.055223504859630256,0.20994215905666347,0.016079808419662018
seismic-bumps,uniform,1,5,5,2,2584,14.200000000000003,816.0,0.4896122897975147,0.007298866368073144,0.7690014306281777,0.05948514764730477,0.21071224212646475,0.01667240266513559
seismic-bumps,class_aware,4,5,5,2,2584,14.200000000000003,816.0,1.5701185939993594,0.019488121055170518,0.7797137581354028,0.05702894942010581,0.20936582088470454,0.015333030812046136
seismic-bumps,uniform,4,5,5,2,2584,14.200000000000003,816.0,1.584239265198994,0.028561188213494744,0.7714536617461345,0.06346231326925272,0.2105456173419952,0.017639735704734982
seismic-bumps,class_aware,8,5,5,2,2584,14.200000000000003,816.0,3.2896153998022784,0.021005743615842648,0.7798968947131442,0.05976932837270841,0.20919749736785884,0.0159725611318199
seismic-bumps,uniform,8,5,5,2,2584,14.200000000000003,816.0,3.2926099595992127,0.028220985320488588,0.7718909609667428,0.0638355596305765,0.2118762642145157,0.016841019916276557
seismic-bumps,class_aware,1,10,5,2,2584,14.200000000000003,1496.0,0.6987947928006178,0.009387507513741514,0.7779885650814539,0.06262421466095729,0.20960549712181087,0.016809313603271432
seismic-bumps,uniform,1,10,5,2,2584,14.200000000000003,1496.0,0.7286064915955649,0.02817500273558663,0.7700796320693171,0.06679462883872343,0.21244682073593135,0.01917117929412015
seismic-bumps,class_aware,4,10,5,2,2584,14.200000000000003,1496.0,2.7495064983988415,0.04882534428041415,0.7786155703486518,0.061043151076545656,0.21004727184772487,0.016781330908566275
seismic-bumps,uniform,4,10,5,2,2584,14.200000000000003,1496.0,2.74801930939866,0.023565578302147037,0.7774683136830414,0.06328471947097022,0.21058144271373744,0.0182453145362699
seismic-bumps,class_aware,8,10,5,2,2584,14.200000000000003,1496.0,5.423635699796432,0.07233656263740838,0.7778109620178578,0.0620152431791307,0.2101717114448547,0.016868578872758038
seismic-bumps,uniform,8,10,5,2,2584,14.200000000000003,1496.0,5.432731426799728,0.10038611993680152,0.7753843518284096,0.06559632091561736,0.2109464049339294,0.017932479042880374
seismic-bumps,class_aware,1,15,5,2,2584,14.200000000000003,2067.2,0.9181734319994576,0.03853307873205269,0.7746157745075298,0.060771561274583594,0.21115034222602844,0.016452344352942336
seismic-bumps,class_aware,4,15,5,2,2584,14.200000000000003,2067.2,3.569834368600277,0.019720939894415878,0.777518595386919,0.0624347135397038,0.21110957264900204,0.017644371800626193
seismic-bumps,class_aware,8,15,5,2,2584,14.200000000000003,2067.2,7.098105679200671,0.08217409389800266,0.777055094092481,0.06275077655353764,0.21109581589698787,0.017354218353209785
seismic-bumps,class_aware,1,20,5,2,2584,14.200000000000003,2067.2,0.9098430161990109,0.007947805299346269,0.7746157745075298,0.060771561274583594,0.21115034222602844,0.016452344352942336
seismic-bumps,class_aware,4,20,5,2,2584,14.200000000000003,2067.2,3.566084083399619,0.023405381344062226,0.777518595386919,0.0624347135397038,0.21110957264900204,0.017644371800626193
seismic-bumps,class_aware,8,20,5,2,2584,14.200000000000003,2067.2,7.03053642520099,0.02438813055341699,0.777055094092481,0.06275077655353764,0.21109581589698787,0.017354218353209785
seismic-bumps,class_aware,1,30,5,2,2584,14.200000000000003,2067.2,0.9261317295982735,0.0332926806534512,0.7746157745075298,0.060771561274583594,0.21115034222602844,0.016452344352942336
seismic-bumps,class_aware,4,30,5,2,2584,14.200000000000003,2067.2,3.5188320489993203,0.03246285596480517,0.777518595386919,0.0624347135397038,0.21110957264900204,0.017644371800626193
seismic-bumps,class_aware,8,30,5,2,2584,14.200000000000003,2067.2,7.029523446797976,0.03576497852598262,0.777055094092481,0.06275077655353764,0.21109581589698787,0.017354218353209785
seismic-bumps,class_aware,1,none,5,2,2584,14.200000000000003,2067.2,0.9224966736030182,0.02940160874047724,0.7746157745075298,0.060771561274583594,0.21115034222602844,0.016452344352942336
seismic-bumps,class_aware,4,none,5,2,2584,14.200000000000003,2067.2,3.520492673201079,0.008198838176111181,0.777518595386919,0.0624347135397038,0.21110957264900204,0.017644371800626193
seismic-bumps,class_aware,8,none,5,2,2584,14.200000000000003,2067.2,7.0705517853959465,0.04978835099729948,0.777055094092481,0.06275077655353764,0.21109581589698787,0.017354218353209785
students_dropout_and_academic_success,class_aware,1,1,5,3,4424,2.7821170702718767,1905.6,1.5451192499996977,0.045687074348984884,0.9109259596540543,0.00885271861848437,0.544223427772522,0.028946950050838534
students_dropout_and_academic_success,uniform,1,1,5,3,4424,2.7821170702718767,1905.6,1.5347403674022644,0.016004325737108097,0.908863804960184,0.00591961293416798,0.5547910213470459,0.020363294398062188
students_dropout_and_academic_success,class_aware,4,1,5,3,4424,2.7821170702718767,1905.6,6.026522881597339,0.03942900692652267,0.9131787411693916,0.007335514303704527,0.5377030849456788,0.024259094120770486
students_dropout_and_academic_success,uniform,4,1,5,3,4424,2.7821170702718767,1905.6,6.016134488202806,0.06282953584980532,0.9129011320310522,0.006824131118429724,0.5400764107704162,0.02150898394785604
students_dropout_and_academic_success,class_aware,8,1,5,3,4424,2.7821170702718767,1905.6,11.97173955120088,0.12869560195333626,0.9137125868238976,0.0073916679646132515,0.535532283782959,0.023899358429220044
students_dropout_and_academic_success,uniform,8,1,5,3,4424,2.7821170702718767,1905.6,11.926451800799986,0.03210469109680604,0.9134123226543472,0.006543963131924437,0.537735104560852,0.020265754367749973
students_dropout_and_academic_success,class_aware,1,3,5,3,4424,2.7821170702718767,3539.2,2.684791608399246,0.007561474426848893,0.9151760583901993,0.007237838501996705,0.5319020509719848,0.025560409489750188
students_dropout_and_academic_success,class_aware,4,3,5,3,4424,2.7821170702718767,3539.2,11.118512509601715,0.9772619011410754,0.9155428581273123,0.007080003199863181,0.530246353149414,0.024456055797629134
students_dropout_and_academic_success,class_aware,8,3,5,3,4424,2.7821170702718767,3539.2,22.59725466699747,1.8946419173007358,0.9157182479239419,0.006887438398993738,0.5296236395835876,0.02388983874318543
students_dropout_and_academic_success,class_aware,1,5,5,3,4424,2.7821170702718767,3539.2,2.684791608399246,0.007561474426848893,0.9151760583901993,0.007237838501996705,0.5319020509719848,0.025560409489750188
students_dropout_and_academic_success,class_aware,4,5,5,3,4424,2.7821170702718767,3539.2,11.118512509601715,0.9772619011410754,0.9155428581273123,0.007080003199863181,0.530246353149414,0.024456055797629134
students_dropout_and_academic_success,class_aware,8,5,5,3,4424,2.7821170702718767,3539.2,22.59725466699747,1.8946419173007358,0.9157182479239419,0.006887438398993738,0.5296236395835876,0.02388983874318543
students_dropout_and_academic_success,class_aware,1,10,5,3,4424,2.7821170702718767,3539.2,2.684791608399246,0.007561474426848893,0.9151760583901993,0.007237838501996705,0.5319020509719848,0.025560409489750188
students_dropout_and_academic_success,class_aware,4,10,5,3,4424,2.7821170702718767,3539.2,11.118512509601715,0.9772619011410754,0.9155428581273123,0.007080003199863181,0.530246353149414,0.024456055797629134
students_dropout_and_academic_success,class_aware,8,10,5,3,4424,2.7821170702718767,3539.2,22.59725466699747,1.8946419173007358,0.9157182479239419,0.006887438398993738,0.5296236395835876,0.02388983874318543
students_dropout_and_academic_success,class_aware,1,15,5,3,4424,2.7821170702718767,3539.2,2.684791608399246,0.007561474426848893,0.9151760583901993,0.007237838501996705,0.5319020509719848,0.025560409489750188
students_dropout_and_academic_success,class_aware,4,15,5,3,4424,2.7821170702718767,3539.2,11.118512509601715,0.9772619011410754,0.9155428581273123,0.007080003199863181,0.530246353149414,0.024456055797629134
students_dropout_and_academic_success,class_aware,8,15,5,3,4424,2.7821170702718767,3539.2,22.59725466699747,1.8946419173007358,0.9157182479239419,0.006887438398993738,0.5296236395835876,0.02388983874318543
students_dropout_and_academic_success,class_aware,1,20,5,3,4424,2.7821170702718767,3539.2,2.684791608399246,0.007561474426848893,0.9151760583901993,0.007237838501996705,0.5319020509719848,0.025560409489750188
students_dropout_and_academic_success,class_aware,4,20,5,3,4424,2.7821170702718767,3539.2,11.118512509601715,0.9772619011410754,0.9155428581273123,0.007080003199863181,0.530246353149414,0.024456055797629134
students_dropout_and_academic_success,class_aware,8,20,5,3,4424,2.7821170702718767,3539.2,22.59725466699747,1.8946419173007358,0.9157182479239419,0.006887438398993738,0.5296236395835876,0.02388983874318543
students_dropout_and_academic_success,class_aware,1,30,5,3,4424,2.7821170702718767,3539.2,2.684791608399246,0.007561474426848893,0.9151760583901993,0.007237838501996705,0.5319020509719848,0.025560409489750188
students_dropout_and_academic_success,class_aware,4,30,5,3,4424,2.7821170702718767,3539.2,11.118512509601715,0.9772619011410754,0.9155428581273123,0.007080003199863181,0.530246353149414,0.024456055797629134
students_dropout_and_academic_success,class_aware,8,30,5,3,4424,2.7821170702718767,3539.2,22.59725466699747,1.8946419173007358,0.9157182479239419,0.006887438398993738,0.5296236395835876,0.02388983874318543
students_dropout_and_academic_success,class_aware,1,none,5,3,4424,2.7821170702718767,3539.2,2.684791608399246,0.007561474426848893,0.9151760583901993,0.007237838501996705,0.5319020509719848,0.025560409489750188
students_dropout_and_academic_success,class_aware,4,none,5,3,4424,2.7821170702718767,3539.2,11.118512509601715,0.9772619011410754,0.9155428581273123,0.007080003199863181,0.530246353149414,0.024456055797629134
students_dropout_and_academic_success,class_aware,8,none,5,3,4424,2.7821170702718767,3539.2,22.59725466699747,1.8946419173007358,0.9157182479239419,0.006887438398993738,0.5296236395835876,0.02388983874318543
taiwanese_bankruptcy_prediction,class_aware,1,1,5,2,6819,29.99545454545455,352.0,1.5092700862005586,0.024175837759824226,0.9366090613558564,0.02044916916602863,0.09067408591508862,0.017917289325934317
taiwanese_bankruptcy_prediction,uniform,1,1,5,2,6819,29.99545454545455,352.0,1.5242702735995408,0.054718758137496104,0.9131102429630928,0.017704867600589865,0.10391684174537655,0.006182034570478549
taiwanese_bankruptcy_prediction,class_aware,4,1,5,2,6819,29.99545454545455,352.0,6.670866562399897,0.08049953381374589,0.9427362222403233,0.02115682616495117,0.08681552708148953,0.017169912750372374
taiwanese_bankruptcy_prediction,uniform,4,1,5,2,6819,29.99545454545455,352.0,6.781418697201298,0.08324106124965988,0.9363512067744786,0.023501480097372157,0.0887372627854347,0.010178098185500674
taiwanese_bankruptcy_prediction,class_aware,8,1,5,2,6819,29.99545454545455,352.0,14.70253998060216,0.6060855148548461,0.9443510167148081,0.021134346896790047,0.08525681495666501,0.01624185259652391
taiwanese_bankruptcy_prediction,uniform,8,1,5,2,6819,29.99545454545455,352.0,14.535870900200099,0.22952994128475657,0.9368712314404644,0.020830416330365534,0.08904436081647868,0.00920666708875855
taiwanese_bankruptcy_prediction,class_aware,1,3,5,2,6819,29.99545454545455,704.0,1.7475704286000109,0.024524509866908552,0.9410169967648084,0.01822412478331363,0.08480911105871199,0.009255601264939458
taiwanese_bankruptcy_prediction,uniform,1,3,5,2,6819,29.99545454545455,704.0,1.766399445803836,0.014706565806161705,0.9254777337786161,0.023459259246126147,0.09294876307249064,0.008704123395972048
taiwanese_bankruptcy_prediction,class_aware,4,3,5,2,6819,29.99545454545455,704.0,8.878980943198258,1.2814242358789376,0.9465071366361946,0.02013617098699758,0.08227366805076594,0.011834550580220808
taiwanese_bankruptcy_prediction,uniform,4,3,5,2,6819,29.99545454545455,704.0,8.961998705400038,0.8665358333140417,0.9415544479184289,0.01884940137319279,0.08564383834600445,0.008014742540204945
taiwanese_bankruptcy_prediction,class_aware,8,3,5,2,6819,29.99545454545455,704.0,16.756162887401295,0.4337779134540059,0.9464897284235281,0.02062386987202384,0.0824309572577476,0.012959461750754799
taiwanese_bankruptcy_prediction,uniform,8,3,5,2,6819,29.99545454545455,704.0,16.775077893197885,0.6075919122370288,0.9412514802724328,0.01799097492627268,0.08541041910648343,0.0078005433161566695
taiwanese_bankruptcy_prediction,class_aware,1,5,5,2,6819,29.99545454545455,1056.0,2.197559754998656,0.059872287821626416,0.9458077066063488,0.019260144925444082,0.08255395442247386,0.010838424976151954
taiwanese_bankruptcy_prediction,uniform,1,5,5,2,6819,29.99545454545455,1056.0,2.1509915671980706,0.011555111459712367,0.9311562520233,0.022269886383353615,0.08895578235387798,0.008840319466075353
taiwanese_bankruptcy_prediction,class_aware,4,5,5,2,6819,29.99545454545455,1056.0,11.352613308595028,0.38812749034735655,0.9480019037295555,0.021249888922146194,0.08088844120502467,0.012548817423780927
taiwanese_bankruptcy_prediction,uniform,4,5,5,2,6819,29.99545454545455,1056.0,11.235276327803149,0.6448892301478206,0.942935260141563,0.016348345298936754,0.08490923792123792,0.006446098991048229
taiwanese_bankruptcy_prediction,class_aware,8,5,5,2,6819,29.99545454545455,1056.0,20.569034700001065,1.903907759240452,0.9475814306480617,0.020703263815481036,0.08133062273263927,0.012683438846644579
taiwanese_bankruptcy_prediction,uniform,8,5,5,2,6819,29.99545454545455,1056.0,21.388411760202143,2.193844452610525,0.9429801904564983,0.017043958345859478,0.08457912802696227,0.007441974777712326
taiwanese_bankruptcy_prediction,class_aware,1,10,5,2,6819,29.99545454545455,1936.0,3.2729828006020396,0.08833439666188544,0.9473886401752727,0.01832862677736232,0.08192548304796214,0.011544922402783861
taiwanese_bankruptcy_prediction,uniform,1,10,5,2,6819,29.99545454545455,1936.0,3.23568675499846,0.04070831723310801,0.9390844214771604,0.019443317602109753,0.08621616810560222,0.010667552400023927
taiwanese_bankruptcy_prediction,class_aware,4,10,5,2,6819,29.99545454545455,1936.0,14.679516364801383,0.6510418112016209,0.9491209922994506,0.01968720887993875,0.08036669641733163,0.012071570964611719
taiwanese_bankruptcy_prediction,uniform,4,10,5,2,6819,29.99545454545455,1936.0,14.338766001998739,0.3389670411398429,0.9460762572656052,0.018839810851136854,0.08285318464040752,0.00889651314000638
taiwanese_bankruptcy_prediction,class_aware,8,10,5,2,6819,29.99545454545455,1936.0,31.278940904799676,0.6052057427904337,0.9490829203190495,0.019599709766593813,0.08037241995334624,0.011943755415800119
taiwanese_bankruptcy_prediction,uniform,8,10,5,2,6819,29.99545454545455,1936.0,30.09980112939811,2.026495747149251,0.9454217653828241,0.018010899362521714,0.08302559703588482,0.009309214079507702
taiwanese_bankruptcy_prediction,class_aware,1,15,5,2,6819,29.99545454545455,2816.0,4.27474207799969,0.05530679107606733,0.9483634530918114,0.019525022810771724,0.0811785742640495,0.011513112093925333
taiwanese_bankruptcy_prediction,uniform,1,15,5,2,6819,29.99545454545455,2816.0,4.247273215802852,0.02228165322704762,0.9425702594210073,0.021000586516677442,0.08405296504497525,0.010645029298982771
taiwanese_bankruptcy_prediction,class_aware,4,15,5,2,6819,29.99545454545455,2816.0,18.676732284401076,0.5065459671218643,0.9497752100577073,0.01908579288802249,0.08007319569587704,0.011634618863379798
taiwanese_bankruptcy_prediction,uniform,4,15,5,2,6819,29.99545454545455,2816.0,19.08080949679861,1.4982523653497464,0.9480527394699634,0.017851202543026124,0.08116592466831202,0.00876770157684008
taiwanese_bankruptcy_prediction,class_aware,1,20,5,2,6819,29.99545454545455,3696.0,5.580414929398103,0.24578660195319457,0.9493654800468674,0.01889405305881224,0.08119624108076089,0.012174626651587406
taiwanese_bankruptcy_prediction,uniform,1,20,5,2,6819,29.99545454545455,3696.0,5.816084820198012,0.2114181418725888,0.9459456199600249,0.02172724542306256,0.08295776396989818,0.013239621726317988
taiwanese_bankruptcy_prediction,class_aware,4,20,5,2,6819,29.99545454545455,3696.0,24.225520941600553,1.007070101079294,0.9497579819840141,0.018974259874384673,0.08035528957843778,0.01154671839530867
taiwanese_bankruptcy_prediction,uniform,4,20,5,2,6819,29.99545454545455,3696.0,24.162152067800342,0.7681024320666473,0.9490794298001033,0.019306965651288758,0.08091841787099834,0.010617136950403248
taiwanese_bankruptcy_prediction,class_aware,1,30,5,2,6819,29.99545454545455,5455.2,8.237173234001967,0.10927520007521978,0.9511664337913563,0.018615516339984685,0.07972759604454036,0.0123244504303752
taiwanese_bankruptcy_prediction,class_aware,4,30,5,2,6819,29.99545454545455,5455.2,34.43301191899809,0.7721737369556784,0.9500060907858654,0.01927388987732565,0.08066751956939695,0.011759424936995064
taiwanese_bankruptcy_prediction,class_aware,1,none,5,2,6819,29.99545454545455,5455.2,8.237173234001967,0.10927520007521978,0.9511664337913563,0.018615516339984685,0.07972759604454036,0.0123244504303752
taiwanese_bankruptcy_prediction,class_aware,4,none,5,2,6819,29.99545454545455,5455.2,34.43301191899809,0.7721737369556784,0.9500060907858654,0.01927388987732565,0.08066751956939695,0.011759424936995064
