dataset,strategy,fold,max_imbalance_ratio,n_estimators,n_rows,n_train,n_test,n_classes,natural_ratio,n_context,fit_seconds,predict_seconds,fit_predict_seconds,roc_auc,log_loss
seismic-bumps,shared,0,1,4,2584,2067,517,2,14.198529411764707,272,0.37847464499827765,0.6874482599996554,1.065922904997933,0.7919254658385093,0.20709554012749792
seismic-bumps,shared,1,1,4,2584,2067,517,2,14.198529411764707,272,0.29169689300033497,0.6335296289998951,0.92522652200023,0.7627572768237729,0.21324197573810616
seismic-bumps,shared,2,1,4,2584,2067,517,2,14.198529411764707,272,0.2619408200007456,0.6203919540002971,0.8823327740010427,0.875898185361101,0.18522499141847798
seismic-bumps,shared,3,1,4,2584,2067,517,2,14.198529411764707,272,0.25326795900036814,0.6430198340003699,0.896287793000738,0.7303008159785653,0.22424958733092207
seismic-bumps,shared,4,1,4,2584,2068,516,2,14.205882352941176,272,0.2567997770001966,0.6700829830006114,0.926882760000808,0.7413961435196484,0.21731383206353072
seismic-bumps,independent,0,1,4,2584,2067,517,2,14.198529411764707,272,0.3389737600009539,0.6438555019994965,0.9828292620004504,0.8061137498477652,0.2026689499616623
seismic-bumps,independent,1,1,4,2584,2067,517,2,14.198529411764707,272,0.3329730160003237,0.6593048619997717,0.9922778780000954,0.7538058701741566,0.21390780806541443
seismic-bumps,independent,2,1,4,2584,2067,517,2,14.198529411764707,272,0.33551890299895604,0.6609477940000943,0.9964666969990503,0.8659724759469005,0.19075141847133636
seismic-bumps,independent,3,1,4,2584,2067,517,2,14.198529411764707,272,0.40335867699832306,0.6957545619989105,1.0991132389972336,0.7130069419071977,0.22330206632614136
seismic-bumps,independent,4,1,4,2584,2068,516,2,14.205882352941176,272,0.33414418999927875,0.6697915059994557,1.0039356959987344,0.74286062972907,0.21664464473724365
seismic-bumps,shared,0,5,4,2584,2067,517,2,14.198529411764707,816,0.26428185099939583,1.234270259999903,1.4985521109992987,0.8129338691998539,0.204285332744648
seismic-bumps,shared,1,5,4,2584,2067,517,2,14.198529411764707,816,0.2600387459988269,1.2441280300008657,1.5041667759996926,0.7644014127390086,0.21349670593037393
seismic-bumps,shared,2,5,4,2584,2067,517,2,14.198529411764707,816,0.2607605000011972,1.222263779000059,1.4830242790012562,0.8617099013518451,0.18513832225117416
seismic-bumps,shared,3,5,4,2584,2067,517,2,14.198529411764707,816,0.25750893599979463,1.1915272070000356,1.4490361429998302,0.7214103032517355,0.2248816900293391
seismic-bumps,shared,4,5,4,2584,2068,516,2,14.205882352941176,816,0.26318750599966734,1.2317863320004108,1.494973838000078,0.7438979741274102,0.21941225924865043
seismic-bumps,independent,0,5,4,2584,2067,517,2,14.198529411764707,816,0.3516858940001839,1.244146246001037,1.595832140001221,0.8154914139568871,0.20225225389003754
seismic-bumps,independent,1,5,4,2584,2067,517,2,14.198529411764707,816,0.34579262400075095,1.207868248999148,1.5536608729998989,0.7597125806844476,0.21494154632091522
seismic-bumps,independent,2,5,4,2584,2067,517,2,14.198529411764707,816,0.33853827099846967,1.1922636999988754,1.530801970997345,0.861831689197418,0.18498913943767548
seismic-bumps,independent,3,5,4,2584,2067,517,2,14.198529411764707,816,0.34444029400037834,1.2513748649998888,1.5958151590002672,0.7206795761782975,0.2245659977197647
seismic-bumps,independent,4,5,4,2584,2068,516,2,14.205882352941176,816,0.4126123660007579,1.2133629110012407,1.6259752770019986,0.745301440078106,0.21789248287677765
seismic-bumps,shared,0,20,4,2584,2067,517,2,14.198529411764707,2067,0.26700828399953025,3.295207012000901,3.5622152960004314,0.8119595664352697,0.20341716706752777
seismic-bumps,shared,1,20,4,2584,2067,517,2,14.198529411764707,2067,0.3035601740011771,3.3328823869996995,3.6364425610008766,0.7551455364754598,0.217493936419487
seismic-bumps,shared,2,20,4,2584,2067,517,2,14.198529411764707,2067,0.2769839659995341,3.2954245369983255,3.5724085029978596,0.8687735963950798,0.18415142595767975
seismic-bumps,shared,3,20,4,2584,2067,517,2,14.198529411764707,2067,0.27632818600068276,3.303972157998942,3.5803003439996246,0.7148946535135794,0.22833535075187683
seismic-bumps,shared,4,20,4,2584,2068,516,2,14.205882352941176,2068,0.2696783499995945,3.311895722999907,3.5815740729995014,0.7368196241152062,0.222150057554245
seismic-bumps,independent,0,20,4,2584,2067,517,2,14.198529411764707,2067,0.2696942019993003,3.2495883570009028,3.519282559000203,0.8119595664352697,0.20341716706752777
seismic-bumps,independent,1,20,4,2584,2067,517,2,14.198529411764707,2067,0.27764814699912677,3.3151396619996376,3.5927878089987644,0.7551455364754598,0.217493936419487
seismic-bumps,independent,2,20,4,2584,2067,517,2,14.198529411764707,2067,0.26999765899927297,3.2894763049989706,3.5594739639982436,0.8687735963950798,0.18415142595767975
seismic-bumps,independent,3,20,4,2584,2067,517,2,14.198529411764707,2067,0.271219481001026,3.2639985799996794,3.5352180610007053,0.7148946535135794,0.22833535075187683
seismic-bumps,independent,4,20,4,2584,2068,516,2,14.205882352941176,2068,0.27142605100016226,3.2380390310008806,3.509465082001043,0.7368196241152062,0.222150057554245
seismic-bumps,independent,0,none,4,2584,2067,517,2,14.198529411764707,2067,0.2719201380004961,3.3006807229994592,3.5726008609999553,0.8119595664352697,0.20341716706752777
seismic-bumps,independent,1,none,4,2584,2067,517,2,14.198529411764707,2067,0.35304657599954226,3.2949129120006546,3.647959488000197,0.7551455364754598,0.217493936419487
seismic-bumps,independent,2,none,4,2584,2067,517,2,14.198529411764707,2067,0.27436449699962395,3.3184371829993324,3.5928016799989564,0.8687735963950798,0.18415142595767975
seismic-bumps,independent,3,none,4,2584,2067,517,2,14.198529411764707,2067,0.2680317719987215,3.3135607120002533,3.581592483998975,0.7148946535135794,0.22833535075187683
seismic-bumps,independent,4,none,4,2584,2068,516,2,14.205882352941176,2068,0.2742958950002503,3.3945425849997264,3.6688384799999767,0.7368196241152062,0.222150057554245
anneal,shared,0,1,4,898,718,180,5,91.16666666666667,30,0.3097930730000371,0.28291284999977506,0.5927059229998122,0.9816933139534884,0.31936609715650904
anneal,shared,1,1,4,898,718,180,5,91.16666666666667,30,0.29175375799968606,0.25126459400053136,0.5430183520002174,0.9336304909560722,0.32004961298229007
anneal,shared,2,1,4,898,718,180,5,91.16666666666667,30,0.3013818370000081,0.2743041519988765,0.5756859889988846,0.9585077519379845,0.42481992997188
anneal,shared,3,1,4,898,719,179,5,78.14285714285714,35,0.2989791590007371,0.25711181399856287,0.5560909729993,0.9860319201325977,0.11246050961189942
anneal,shared,4,1,4,898,719,179,5,78.28571428571429,35,0.2994611089998216,0.2636595479998505,0.5631206569996721,0.949396191064265,0.32572854396118217
anneal,independent,0,1,4,898,718,180,5,91.16666666666667,30,0.49704374599969015,0.30007191699951363,0.7971156629992038,0.9972076873385013,0.103062205016613
anneal,independent,1,1,4,898,718,180,5,91.16666666666667,30,0.427060829999391,0.26993134900112636,0.6969921790005174,0.9648691860465117,0.2782026529312134
anneal,independent,2,1,4,898,718,180,5,91.16666666666667,30,0.44103929700031586,0.2642982090001169,0.7053375060004328,0.9929909560723514,0.16590099036693573
anneal,independent,3,1,4,898,719,179,5,78.14285714285714,35,0.4105292220010597,0.2735379620007734,0.6840671840018331,0.9878655114970276,0.12307390570640564
anneal,independent,4,1,4,898,719,179,5,78.28571428571429,35,0.44381095800054027,0.2601945620008337,0.704005520001374,0.9622028675715361,0.245206817984581
anneal,shared,0,5,4,898,718,180,5,91.16666666666667,126,0.3398778979990311,0.3955004519993963,0.7353783499984274,0.9956282299741602,0.06250597365549432
anneal,shared,1,5,4,898,718,180,5,91.16666666666667,126,0.3079592310004955,0.40641122400120366,0.7143704550016992,0.9983704780361757,0.0759224630578035
anneal,shared,2,5,4,898,718,180,5,91.16666666666667,126,0.3167303299997002,0.40478190499925404,0.7215122349989542,1.0,0.02773803158207259
anneal,shared,3,5,4,898,719,179,5,78.14285714285714,144,0.315226550999796,0.43505859700053406,0.7502851480003301,0.9978314218161057,0.04423864594057328
anneal,shared,4,5,4,898,719,179,5,78.28571428571429,144,0.3212318950008921,0.4167949889997544,0.7380268840006465,0.9988307132649084,0.06977667579474177
anneal,independent,0,5,4,898,718,180,5,91.16666666666667,126,0.43511276800018095,0.4393692280009418,0.8744819960011228,0.9986288759689922,0.05449777841567993
anneal,independent,1,5,4,898,718,180,5,91.16666666666667,126,0.5126340699989669,0.4237255699990783,0.9363596399980452,0.9953948643410854,0.10541828721761703
anneal,independent,2,5,4,898,718,180,5,91.16666666666667,126,0.44652604699876974,0.4436210610001581,0.8901471079989278,1.0,0.015489942394196987
anneal,independent,3,5,4,898,719,179,5,78.14285714285714,144,0.44477335100054916,0.4623875739998766,0.9071609250004258,0.9990838467079758,0.04909786954522133
anneal,independent,4,5,4,898,719,179,5,78.28571428571429,144,0.44454392899933737,0.3817963149995194,0.8263402439988567,0.9995751019551031,0.04637990519404411
anneal,shared,0,20,4,898,718,180,5,91.16666666666667,291,0.3394532550009899,0.6004248499993992,0.939878105000389,0.9966117571059433,0.051366321765908975
anneal,shared,1,20,4,898,718,180,5,91.16666666666667,291,0.32653444899915485,0.6064701630002673,0.9330046119994222,1.0,0.011136592087097696
anneal,shared,2,20,4,898,718,180,5,91.16666666666667,291,0.3398417190001055,0.601606965999963,0.9414486850000685,1.0,0.028475238357679258
anneal,shared,3,20,4,898,719,179,5,78.14285714285714,312,0.33061750599881634,0.635162186999878,0.9657796929986944,0.9985831756593166,0.0632959024629673
anneal,shared,4,20,4,898,719,179,5,78.28571428571429,311,0.3205320020006184,0.5984224959993298,0.9189544979999482,1.0,0.025687316792520627
anneal,independent,0,20,4,898,718,180,5,91.16666666666667,291,0.4702490420004324,0.6299882620005519,1.1002373040009843,0.99765503875969,0.05098158121109009
anneal,independent,1,20,4,898,718,180,5,91.16666666666667,291,0.46511388500039175,0.6529818629987858,1.1180957479991775,1.0,0.016202794387936592
anneal,independent,2,20,4,898,718,180,5,91.16666666666667,291,0.5466342659983638,0.6350380840012804,1.1816723499996442,1.0,0.005522181745618582
anneal,independent,3,20,4,898,719,179,5,78.14285714285714,312,0.4463399179985572,0.6683365260014398,1.114676443999997,0.9988805892076245,0.047749534249305725
anneal,independent,4,20,4,898,719,179,5,78.28571428571429,311,0.4529910879991803,0.6678679110009398,1.12085899900012,1.0,0.02466847002506256
anneal,independent,0,none,4,898,718,180,5,91.16666666666667,718,0.3578910479991464,1.226176743999531,1.5840677919986774,0.9996721576227391,0.02539798431098461
anneal,independent,1,none,4,898,718,180,5,91.16666666666667,718,0.36168372000065574,1.2376081339989469,1.5992918539996026,1.0,0.0025572567246854305
anneal,independent,2,none,4,898,718,180,5,91.16666666666667,718,0.34959299900037877,1.2570871740008442,1.606680173001223,1.0,0.01359197311103344
anneal,independent,3,none,4,898,719,179,5,78.14285714285714,719,0.34885994300020684,1.2548855009990803,1.603745443999287,0.9988805892076245,0.03723786026239395
anneal,independent,4,none,4,898,719,179,5,78.28571428571429,719,0.34539098599998397,1.222047636998468,1.567438622998452,1.0,0.01187833771109581
MIC,shared,0,1,4,1699,1359,340,8,114.2,80,0.6562202499990235,1.7695152849992155,2.425735534998239,0.8855171280505436,0.5390030962381089
MIC,shared,1,1,4,1699,1359,340,8,126.88888888888889,72,0.6159834409991163,1.5006521369996335,2.11663557799875,0.8395694457161045,0.542173297567108
MIC,shared,2,1,4,1699,1359,340,8,126.88888888888889,72,0.6834303190007631,1.7335157800007437,2.416946099001507,0.7535625771275032,0.7233582497015623
MIC,shared,3,1,4,1699,1359,340,8,114.3,80,0.6883530579998478,1.612262323998948,2.300615381998796,0.82074212557231,0.5757055170002395
MIC,shared,4,1,4,1699,1360,339,8,114.3,80,0.6596855410007265,1.7437164840011974,2.403402025001924,0.8417692764994853,0.5729361051151087
MIC,independent,0,1,4,1699,1359,340,8,114.2,80,1.1051796070005366,1.6894405799994274,2.794620186999964,0.8971421420664544,0.4997677206993103
MIC,independent,1,1,4,1699,1359,340,8,126.88888888888889,72,1.078717898000832,1.7057573519996367,2.784475250000469,0.9003827416063371,0.4870540499687195
MIC,independent,2,1,4,1699,1359,340,8,126.88888888888889,72,1.1136378290011635,1.7294560930004081,2.8430939220015716,0.8598925680208918,0.5544620156288147
MIC,independent,3,1,4,1699,1359,340,8,114.3,80,1.221628106000935,1.6914172830001917,2.9130453890011268,0.9032658704909904,0.5355091094970703
MIC,independent,4,1,4,1699,1360,339,8,114.3,80,1.1233064900006866,1.6684601809993183,2.791766671000005,0.8843758144083036,0.5399251580238342
MIC,shared,0,5,4,1699,1359,340,8,114.2,229,0.6900932150001609,2.1994456079992233,2.889538822999384,0.9000818778982502,0.4627600357985264
MIC,shared,1,5,4,1699,1359,340,8,126.88888888888889,219,0.6914485800007242,2.235024269999485,2.9264728500002093,0.9024173152004565,0.4404681302071598
MIC,shared,2,5,4,1699,1359,340,8,126.88888888888889,219,0.7374752249997982,2.2121252289998665,2.9496004539996648,0.8795489978444357,0.4948056383292272
MIC,shared,3,5,4,1699,1359,340,8,114.3,228,0.8084091100008663,2.194166272000075,3.0025753820009413,0.9128317672858864,0.4646069589862609
MIC,shared,4,5,4,1699,1360,339,8,114.3,229,0.694769482999618,2.238047691000247,2.932817173999865,0.9161887980752399,0.4623359084137798
MIC,independent,0,5,4,1699,1359,340,8,114.2,229,1.247957679999672,2.268607054000313,3.516564733999985,0.9174770321573623,0.4483200013637543
MIC,independent,1,5,4,1699,1359,340,8,126.88888888888889,219,1.2333894389994384,2.252897225000197,3.4862866639996355,0.9297372703890608,0.41331127285957336
MIC,independent,2,5,4,1699,1359,340,8,126.88888888888889,219,1.2779924330006907,2.252696802999708,3.5306892360003985,0.8966491518589805,0.48682036995887756
MIC,independent,3,5,4,1699,1359,340,8,114.3,228,1.204433554001298,2.2570798409997224,3.4615133950010204,0.919540136191721,0.45646223425865173
MIC,independent,4,5,4,1699,1360,339,8,114.3,229,1.236084561998723,2.3055234469993593,3.5416080089980824,0.9258843203642575,0.45007598400115967
MIC,shared,0,20,4,1699,1359,340,8,114.2,417,0.7410884929995518,3.146884557001613,3.8879730500011647,0.9043994142547369,0.4562530250976945
MIC,shared,1,20,4,1699,1359,340,8,126.88888888888889,397,0.7149424250001175,3.0758194899990485,3.790761914999166,0.927935637986911,0.42128417639482435
MIC,shared,2,20,4,1699,1359,340,8,126.88888888888889,397,0.7373814269994909,3.1206112380004924,3.8579926649999834,0.9110726317989962,0.456255188798793
MIC,shared,3,20,4,1699,1359,340,8,114.3,416,0.7236346110003069,3.186322421001023,3.90995703200133,0.9229784113454905,0.44693692518702854
MIC,shared,4,20,4,1699,1360,339,8,114.3,417,0.7472309589993529,3.1651057270009915,3.9123366860003443,0.9277154358723259,0.4449467999501791
MIC,independent,0,20,4,1699,1359,340,8,114.2,417,1.2591353679999884,3.215896398000041,4.475031766000029,0.9135616068160132,0.4515701234340668
MIC,independent,1,20,4,1699,1359,340,8,126.88888888888889,397,1.2859604189998208,3.0711191089994827,4.3570795279993035,0.9434576864878437,0.39454981684684753
MIC,independent,2,20,4,1699,1359,340,8,126.88888888888889,397,1.2432146280007146,3.0910156480003934,4.334230276001108,0.9112070980192863,0.45350000262260437
MIC,independent,3,20,4,1699,1359,340,8,114.3,416,1.2520977229996788,3.1420932649998576,4.3941909879995364,0.9156793181963833,0.44538620114326477
MIC,independent,4,20,4,1699,1360,339,8,114.3,417,1.260587652999675,3.1932010170003196,4.4537886699999945,0.9355451412228791,0.438849538564682
MIC,independent,0,none,4,1699,1359,340,8,114.2,1359,0.7955971190003766,7.122335090998604,7.91793220999898,0.9152388419739207,0.45467108488082886
MIC,independent,1,none,4,1699,1359,340,8,126.88888888888889,1359,0.7946205520001968,7.076107810000394,7.870728362000591,0.9418454249708355,0.4065474569797516
MIC,independent,2,none,4,1699,1359,340,8,126.88888888888889,1359,0.8037759220005682,7.059866134999538,7.863642057000106,0.9116177622219283,0.45155397057533264
MIC,independent,3,none,4,1699,1359,340,8,114.3,1359,0.8071373309994669,7.549805416998424,8.356942747997891,0.9239102015246924,0.4425920248031616
MIC,independent,4,none,4,1699,1360,339,8,114.3,1360,0.7981016369994904,7.508247835001384,8.306349472000875,0.935629068118401,0.45140862464904785
students_dropout_and_academic_success,shared,0,1,4,4424,3539,885,3,2.7826771653543307,1905,0.38063913800033333,5.388259617999211,5.768898755999544,0.918575186573969,0.5259095681023743
students_dropout_and_academic_success,shared,1,1,4,4424,3539,885,3,2.7826771653543307,1905,0.37346654899920395,5.31020694200015,5.683673490999354,0.9039098232260239,0.5595225869231698
students_dropout_and_academic_success,shared,2,1,4,4424,3539,885,3,2.7826771653543307,1905,0.3769208899993828,5.299258879998888,5.676179769998271,0.903430837252233,0.5711374939240667
students_dropout_and_academic_success,shared,3,1,4,4424,3539,885,3,2.7783018867924527,1908,0.3909009649996733,5.322783145998983,5.713684110998656,0.9190898431056601,0.507892429752176
students_dropout_and_academic_success,shared,4,1,4,4424,3540,884,3,2.784251968503937,1905,0.38063302699993073,5.283481782000308,5.664114809000239,0.9116316755759072,0.5487440734925515
students_dropout_and_academic_success,independent,0,1,4,4424,3539,885,3,2.7826771653543307,1905,0.5785769129997789,5.32965442800014,5.908231340999919,0.9213299745229139,0.5171673893928528
students_dropout_and_academic_success,independent,1,1,4,4424,3539,885,3,2.7826771653543307,1905,0.5840193170006387,5.334861399000147,5.9188807160007855,0.907374236315682,0.5525071024894714
students_dropout_and_academic_success,independent,2,1,4,4424,3539,885,3,2.7826771653543307,1905,0.5835442730003706,5.319109041000047,5.902653314000418,0.9037663066641025,0.5710870623588562
students_dropout_and_academic_success,independent,3,1,4,4424,3539,885,3,2.7783018867924527,1908,0.5870158520010591,5.353367198000342,5.940383050001401,0.9175914164907912,0.5134767889976501
students_dropout_and_academic_success,independent,4,1,4,4424,3540,884,3,2.784251968503937,1905,0.5825481419997232,5.311711524000202,5.894259665999925,0.9158317718534683,0.534277081489563
students_dropout_and_academic_success,shared,0,5,4,4424,3539,885,3,2.7826771653543307,3539,0.5156515830003627,9.818203308999728,10.33385489200009,0.9224482801507634,0.5102576017379761
students_dropout_and_academic_success,shared,1,5,4,4424,3539,885,3,2.7826771653543307,3539,0.41960491799909505,9.630344986999262,10.049949904998357,0.9102403316956607,0.5422476530075073
students_dropout_and_academic_success,shared,2,5,4,4424,3539,885,3,2.7826771653543307,3539,0.42954457300038484,9.793714380999518,10.223258953999903,0.9063114079165543,0.5629866123199463
students_dropout_and_academic_success,shared,3,5,4,4424,3539,885,3,2.7783018867924527,3539,0.4200791380008013,9.794506960000945,10.214586098001746,0.921636065622103,0.5025314688682556
students_dropout_and_academic_success,shared,4,5,4,4424,3540,884,3,2.784251968503937,3540,0.418042098001024,9.829501804999381,10.247543903000405,0.9170782052514798,0.533208429813385
students_dropout_and_academic_success,independent,0,5,4,4424,3539,885,3,2.7826771653543307,3539,0.42337630899965006,9.740518255001007,10.163894564000657,0.9224482801507634,0.5102576017379761
students_dropout_and_academic_success,independent,1,5,4,4424,3539,885,3,2.7826771653543307,3539,0.4219944559990836,9.738780305000546,10.16077476099963,0.9102403316956607,0.5422476530075073
students_dropout_and_academic_success,independent,2,5,4,4424,3539,885,3,2.7826771653543307,3539,0.4224065349990269,9.760350338001444,10.182756873000471,0.9063114079165543,0.5629866123199463
students_dropout_and_academic_success,independent,3,5,4,4424,3539,885,3,2.7783018867924527,3539,0.41981223699986003,9.777336622000803,10.197148859000663,0.921636065622103,0.5025314688682556
students_dropout_and_academic_success,independent,4,5,4,4424,3540,884,3,2.784251968503937,3540,0.4150152550009807,9.755465866999657,10.170481122000638,0.9170782052514798,0.533208429813385
students_dropout_and_academic_success,shared,0,20,4,4424,3539,885,3,2.7826771653543307,3539,0.42267514699960884,9.791643058999398,10.214318205999007,0.9224482801507634,0.5102576017379761
students_dropout_and_academic_success,shared,1,20,4,4424,3539,885,3,2.7826771653543307,3539,0.49478175200056285,9.864457716999823,10.359239469000386,0.9102403316956607,0.5422476530075073
students_dropout_and_academic_success,shared,2,20,4,4424,3539,885,3,2.7826771653543307,3539,0.4210809779997362,10.047143564999715,10.468224542999451,0.9063114079165543,0.5629866123199463
students_dropout_and_academic_success,shared,3,20,4,4424,3539,885,3,2.7783018867924527,3539,0.4179034610006056,9.862101385000642,10.280004846001248,0.921636065622103,0.5025314688682556
students_dropout_and_academic_success,shared,4,20,4,4424,3540,884,3,2.784251968503937,3540,0.41421047299991187,10.066012748000503,10.480223221000415,0.9170782052514798,0.533208429813385
students_dropout_and_academic_success,independent,0,20,4,4424,3539,885,3,2.7826771653543307,3539,0.4356467120014713,9.979504860000816,10.415151572002287,0.9224482801507634,0.5102576017379761
students_dropout_and_academic_success,independent,1,20,4,4424,3539,885,3,2.7826771653543307,3539,0.420903616999567,9.883767825998802,10.30467144299837,0.9102403316956607,0.5422476530075073
students_dropout_and_academic_success,independent,2,20,4,4424,3539,885,3,2.7826771653543307,3539,0.4223443129994848,9.871821492999516,10.294165805999,0.9063114079165543,0.5629866123199463
students_dropout_and_academic_success,independent,3,20,4,4424,3539,885,3,2.7783018867924527,3539,0.4205345740010671,9.960418751999896,10.380953326000963,0.921636065622103,0.5025314688682556
students_dropout_and_academic_success,independent,4,20,4,4424,3540,884,3,2.784251968503937,3540,0.4114892029992916,10.029571912000392,10.441061114999684,0.9170782052514798,0.533208429813385
students_dropout_and_academic_success,independent,0,none,4,4424,3539,885,3,2.7826771653543307,3539,0.4237738060000993,9.979410726000424,10.403184532000523,0.9224482801507634,0.5102576017379761
students_dropout_and_academic_success,independent,1,none,4,4424,3539,885,3,2.7826771653543307,3539,0.4236081330000161,10.025283528999353,10.448891661999369,0.9102403316956607,0.5422476530075073
students_dropout_and_academic_success,independent,2,none,4,4424,3539,885,3,2.7826771653543307,3539,0.4944466039996769,9.722389249998741,10.216835853998418,0.9063114079165543,0.5629866123199463
students_dropout_and_academic_success,independent,3,none,4,4424,3539,885,3,2.7783018867924527,3539,0.42155539999839675,9.891822371000671,10.313377770999068,0.921636065622103,0.5025314688682556
students_dropout_and_academic_success,independent,4,none,4,4424,3540,884,3,2.784251968503937,3540,0.41876580200005264,9.936189990999992,10.354955793000045,0.9170782052514798,0.533208429813385
polish_companies_bankruptcy,shared,0,1,4,5910,4728,1182,2,13.414634146341463,656,0.4819048989993462,4.573621388000902,5.055526287000248,0.9683481152993347,0.09802750491543316
polish_companies_bankruptcy,shared,1,1,4,5910,4728,1182,2,13.414634146341463,656,0.500064072000896,4.60395972400147,5.104023796002366,0.9582372505543236,0.10690344288558659
polish_companies_bankruptcy,shared,2,1,4,5910,4728,1182,2,13.414634146341463,656,0.5003636669989646,4.523942417999933,5.024306084998898,0.9575942350332595,0.10960495043501625
polish_companies_bankruptcy,shared,3,1,4,5910,4728,1182,2,13.414634146341463,656,0.4959985850000521,4.590296592999948,5.086295178,0.9634035476718403,0.11502116132135018
polish_companies_bankruptcy,shared,4,1,4,5910,4728,1182,2,13.414634146341463,656,0.4755718689993955,4.005966959999569,4.481538828998964,0.9765631929046563,0.08940181620255945
polish_companies_bankruptcy,independent,0,1,4,5910,4728,1182,2,13.414634146341463,656,0.8097239889993944,4.449195925000822,5.2589199140002165,0.9729490022172949,0.08947842568159103
polish_companies_bankruptcy,independent,1,1,4,5910,4728,1182,2,13.414634146341463,656,0.807667015998959,4.476979523999034,5.284646539997993,0.9698891352549889,0.09641663730144501
polish_companies_bankruptcy,independent,2,1,4,5910,4728,1182,2,13.414634146341463,656,0.8351537739999912,4.449730199999976,5.284883973999968,0.9649334811529933,0.09831658750772476
polish_companies_bankruptcy,independent,3,1,4,5910,4728,1182,2,13.414634146341463,656,0.8218250000008993,4.453088647000186,5.274913647001085,0.9751773835920177,0.08852779120206833
polish_companies_bankruptcy,independent,4,1,4,5910,4728,1182,2,13.414634146341463,656,0.7810331350010529,4.517912110000907,5.29894524500196,0.9749667405764967,0.0901409238576889
polish_companies_bankruptcy,shared,0,5,4,5910,4728,1182,2,13.414634146341463,1968,0.5401499489998969,8.703168866000851,9.243318815000748,0.9726274944567628,0.08690168681969081
polish_companies_bankruptcy,shared,1,5,4,5910,4728,1182,2,13.414634146341463,1968,0.5473164579998411,8.726378740000655,9.273695198000496,0.9794345898004434,0.0773148239108573
polish_companies_bankruptcy,shared,2,5,4,5910,4728,1182,2,13.414634146341463,1968,0.5326447309998912,8.773943780000991,9.306588511000882,0.981940133037694,0.07466590696153656
polish_companies_bankruptcy,shared,3,5,4,5910,4728,1182,2,13.414634146341463,1968,0.546793853998679,8.81093074799901,9.357724601997688,0.9876718403547672,0.061866660858762475
polish_companies_bankruptcy,shared,4,5,4,5910,4728,1182,2,13.414634146341463,1968,0.6059651350005879,8.814228944000206,9.420194079000794,0.9895565410199556,0.06539015759325155
polish_companies_bankruptcy,independent,0,5,4,5910,4728,1182,2,13.414634146341463,1968,0.9063657429996965,8.993335997000031,9.899701739999728,0.975310421286031,0.08280504494905472
polish_companies_bankruptcy,independent,1,5,4,5910,4728,1182,2,13.414634146341463,1968,0.9213704350004264,8.640083889999005,9.561454324999431,0.9769733924611972,0.07920243591070175
polish_companies_bankruptcy,independent,2,5,4,5910,4728,1182,2,13.414634146341463,1968,0.9154361839991907,8.685008590000507,9.600444773999698,0.9826053215077605,0.06826627254486084
polish_companies_bankruptcy,independent,3,5,4,5910,4728,1182,2,13.414634146341463,1968,0.9200081920007506,9.24705395699857,10.167062148999321,0.9882372505543238,0.059088222682476044
polish_companies_bankruptcy,independent,4,5,4,5910,4728,1182,2,13.414634146341463,1968,0.9497996179998154,9.813051629998881,10.762851247998697,0.9905764966740577,0.05866364762187004
polish_companies_bankruptcy,shared,0,20,4,5910,4728,1182,2,13.414634146341463,4728,0.6686807570004021,21.517251037999813,22.185931795000215,0.9780820399113083,0.07700661569833755
polish_companies_bankruptcy,shared,1,20,4,5910,4728,1182,2,13.414634146341463,4728,0.6310326849998091,20.66875958499986,21.29979226999967,0.9820620842572062,0.07136351615190506
polish_companies_bankruptcy,shared,2,20,4,5910,4728,1182,2,13.414634146341463,4728,0.6428908779998892,20.756732527999702,21.39962340599959,0.9891906873614191,0.057842712849378586
polish_companies_bankruptcy,shared,3,20,4,5910,4728,1182,2,13.414634146341463,4728,0.6454408989993681,20.73630821000006,21.38174910899943,0.9889800443458979,0.05303608998656273
polish_companies_bankruptcy,shared,4,20,4,5910,4728,1182,2,13.414634146341463,4728,0.6212171380011569,20.518604482000228,21.139821620001385,0.9900997782705099,0.056962814182043076
polish_companies_bankruptcy,independent,0,20,4,5910,4728,1182,2,13.414634146341463,4728,0.710230673001206,20.096719289000248,20.806949962001454,0.9780820399113083,0.07700661569833755
polish_companies_bankruptcy,independent,1,20,4,5910,4728,1182,2,13.414634146341463,4728,0.6324800179991144,20.270821358999456,20.90330137699857,0.9820620842572062,0.07136351615190506
polish_companies_bankruptcy,independent,2,20,4,5910,4728,1182,2,13.414634146341463,4728,0.6463736169989716,20.490507931001048,21.13688154800002,0.9891906873614191,0.057842712849378586
polish_companies_bankruptcy,independent,3,20,4,5910,4728,1182,2,13.414634146341463,4728,0.6471630159994675,19.998626634000175,20.645789649999642,0.9889800443458979,0.05303608998656273
polish_companies_bankruptcy,independent,4,20,4,5910,4728,1182,2,13.414634146341463,4728,0.6139908360000845,20.014897248000125,20.62888808400021,0.9900997782705099,0.056962814182043076
polish_companies_bankruptcy,independent,0,none,4,5910,4728,1182,2,13.414634146341463,4728,0.6363460579996172,19.983145342999705,20.619491400999323,0.9780820399113083,0.07700661569833755
polish_companies_bankruptcy,independent,1,none,4,5910,4728,1182,2,13.414634146341463,4728,0.6235383919993183,20.063868874000036,20.687407265999354,0.9820620842572062,0.07136351615190506
polish_companies_bankruptcy,independent,2,none,4,5910,4728,1182,2,13.414634146341463,4728,0.6267345350006508,20.06089990199871,20.68763443699936,0.9891906873614191,0.057842712849378586
polish_companies_bankruptcy,independent,3,none,4,5910,4728,1182,2,13.414634146341463,4728,0.6460987860009482,19.855972274001033,20.50207106000198,0.9889800443458979,0.05303608998656273
polish_companies_bankruptcy,independent,4,none,4,5910,4728,1182,2,13.414634146341463,4728,0.6128376550004759,19.91003478499988,20.522872440000356,0.9900997782705099,0.056962814182043076
taiwanese_bankruptcy_prediction,shared,0,1,4,6819,5455,1364,2,29.994318181818183,352,0.6406686800000898,5.614996152000458,6.255664832000548,0.9496556473829201,0.08191225573567011
taiwanese_bankruptcy_prediction,shared,1,1,4,6819,5455,1364,2,29.994318181818183,352,0.6344662550000066,5.682374662001166,6.316840917001173,0.9369834710743801,0.08671371498597637
taiwanese_bankruptcy_prediction,shared,2,1,4,6819,5455,1364,2,29.994318181818183,352,0.6441564799988555,5.642753042999175,6.28690952299803,0.9386019283746556,0.08575746598172984
taiwanese_bankruptcy_prediction,shared,3,1,4,6819,5455,1364,2,29.994318181818183,352,0.6176341560003493,5.7033687900002406,6.32100294600059,0.9054752066115702,0.1261691266548468
taiwanese_bankruptcy_prediction,shared,4,1,4,6819,5456,1363,2,30.0,352,0.6245381790013198,5.596840239000812,6.221378418002132,0.9642463298642223,0.07042225204509234
taiwanese_bankruptcy_prediction,independent,0,1,4,6819,5455,1364,2,29.994318181818183,352,1.1906889179990685,5.589298033999512,6.7799869519985805,0.9576274104683196,0.075694240629673
taiwanese_bankruptcy_prediction,independent,1,1,4,6819,5455,1364,2,29.994318181818183,352,1.090582271999665,5.628130747998512,6.718713019998177,0.9388601928374656,0.08619549125432968
taiwanese_bankruptcy_prediction,independent,2,1,4,6819,5455,1364,2,29.994318181818183,352,1.084934615999373,5.277580337000472,6.362514952999845,0.9355544077134986,0.09067364782094955
taiwanese_bankruptcy_prediction,independent,3,1,4,6819,5455,1364,2,29.994318181818183,352,1.1176547180002672,5.590110130000539,6.7077648480008065,0.9134814049586777,0.11322041600942612
taiwanese_bankruptcy_prediction,independent,4,1,4,6819,5456,1363,2,30.0,352,1.0657591509989288,5.662544994998825,6.728304145997754,0.9681576952236544,0.06829383969306946
taiwanese_bankruptcy_prediction,shared,0,5,4,6819,5455,1364,2,29.994318181818183,1056,0.7060584829996515,8.512628747001145,9.218687230000796,0.9648760330578512,0.07357855233680158
taiwanese_bankruptcy_prediction,shared,1,5,4,6819,5455,1364,2,29.994318181818183,1056,0.6979153520005639,8.433000833998449,9.130916185999013,0.940478650137741,0.08440396422984368
taiwanese_bankruptcy_prediction,shared,2,5,4,6819,5455,1364,2,29.994318181818183,1056,0.7055111739991844,8.454932147998989,9.160443321998173,0.9398760330578513,0.08666236899808905
taiwanese_bankruptcy_prediction,shared,3,5,4,6819,5455,1364,2,29.994318181818183,1056,0.709425339999143,8.480267148999701,9.189692488998844,0.9236225895316804,0.09550645090688571
taiwanese_bankruptcy_prediction,shared,4,5,4,6819,5456,1363,2,30.0,1056,0.6932206399997085,8.321846872999231,9.01506751299894,0.9659866289889034,0.07071207632801293
taiwanese_bankruptcy_prediction,independent,0,5,4,6819,5455,1364,2,29.994318181818183,1056,1.29977017300007,8.40276294999967,9.70253312299974,0.9674242424242424,0.07077163457870483
taiwanese_bankruptcy_prediction,independent,1,5,4,6819,5455,1364,2,29.994318181818183,1056,1.2272899999989022,8.562904108999646,9.790194108998548,0.940426997245179,0.08483045548200607
taiwanese_bankruptcy_prediction,independent,2,5,4,6819,5455,1364,2,29.994318181818183,1056,1.2396073780000734,8.459168187000614,9.698775565000687,0.9397899449035814,0.08549869060516357
taiwanese_bankruptcy_prediction,independent,3,5,4,6819,5455,1364,2,29.994318181818183,1056,1.2444862269985606,8.461531778999415,9.706018005997976,0.9207128099173554,0.09731557965278625
taiwanese_bankruptcy_prediction,independent,4,5,4,6819,5456,1363,2,30.0,1056,1.196516674999657,8.438926318000085,9.635442992999742,0.9716555241574195,0.06602584570646286
taiwanese_bankruptcy_prediction,shared,0,20,4,6819,5455,1364,2,29.994318181818183,3696,0.8224041670000588,20.884142951001195,21.706547118001254,0.9649104683195593,0.07240301334574951
taiwanese_bankruptcy_prediction,shared,1,20,4,6819,5455,1364,2,29.994318181818183,3696,0.8351772160003748,20.85478294800123,21.689960164001604,0.9413739669421488,0.08437502082071242
taiwanese_bankruptcy_prediction,shared,2,20,4,6819,5455,1364,2,29.994318181818183,3696,0.8652640660002362,20.8961977580002,21.761461824000435,0.9449207988980716,0.08348357062419216
taiwanese_bankruptcy_prediction,shared,3,20,4,6819,5455,1364,2,29.994318181818183,3696,0.8376941269998497,20.962523906999195,21.800218033999045,0.9261363636363636,0.09633695984994083
taiwanese_bankruptcy_prediction,shared,4,20,4,6819,5456,1363,2,30.0,3696,0.8398759470001096,20.89234405500065,21.73222000200076,0.970018609139155,0.0681409643158909
taiwanese_bankruptcy_prediction,independent,0,20,4,6819,5455,1364,2,29.994318181818183,3696,1.581274891999783,20.93969921899952,22.520974110999305,0.9668216253443527,0.07080836594104767
taiwanese_bankruptcy_prediction,independent,1,20,4,6819,5455,1364,2,29.994318181818183,3696,1.5215600420015107,21.226877068998874,22.748437111000385,0.9430957300275482,0.08327847719192505
taiwanese_bankruptcy_prediction,independent,2,20,4,6819,5455,1364,2,29.994318181818183,3696,1.5429844819991558,20.874065653999423,22.41705013599858,0.9430268595041322,0.0827513113617897
taiwanese_bankruptcy_prediction,independent,3,20,4,6819,5455,1364,2,29.994318181818183,3696,1.5279732880007941,21.17772694999985,22.705700238000645,0.924982782369146,0.0969422310590744
taiwanese_bankruptcy_prediction,independent,4,20,4,6819,5456,1363,2,30.0,3696,1.5103661379998812,21.137493325000833,22.647859463000714,0.9708629126748916,0.0679960623383522
taiwanese_bankruptcy_prediction,independent,0,none,4,6819,5455,1364,2,29.994318181818183,5455,0.921237303999078,30.671400941000684,31.592638244999762,0.9671659779614326,0.07080642879009247
taiwanese_bankruptcy_prediction,independent,1,none,4,6819,5455,1364,2,29.994318181818183,5455,0.9153687109992461,30.595670095999594,31.51103880699884,0.9418560606060606,0.08456660062074661
taiwanese_bankruptcy_prediction,independent,2,none,4,6819,5455,1364,2,29.994318181818183,5455,0.925607866000064,30.648506748999353,31.574114614999417,0.9434228650137741,0.0832715556025505
taiwanese_bankruptcy_prediction,independent,3,none,4,6819,5455,1364,2,29.994318181818183,5455,0.9345159660006175,31.058182565000607,31.992698531001224,0.9255681818181818,0.09697991609573364
taiwanese_bankruptcy_prediction,independent,4,none,4,6819,5456,1363,2,30.0,5456,0.9101325949995953,30.73148915099955,31.641621745999146,0.972017368529878,0.06771309673786163
coil2000_insurance_policies,shared,0,1,4,9822,7857,1965,2,15.752665245202559,938,0.6174767890006478,9.144579363000958,9.762056152001605,0.7540746290746292,0.20299718562360244
coil2000_insurance_policies,shared,1,1,4,9822,7857,1965,2,15.788461538461538,936,0.6414690380006505,9.345802202000414,9.987271240001064,0.7407614730254283,0.20543547925551212
coil2000_insurance_policies,shared,2,1,4,9822,7858,1964,2,15.754797441364605,938,0.6118685139990703,9.082192275000125,9.694060788999195,0.7489784774570913,0.20418781079433546
coil2000_insurance_policies,shared,3,1,4,9822,7858,1964,2,15.754797441364605,938,0.6283724019995134,9.411380965999342,10.039753367998856,0.7563639813233749,0.20143928054638674
coil2000_insurance_policies,shared,4,1,4,9822,7858,1964,2,15.754797441364605,938,0.6308113360009884,9.409763502000715,10.040574838001703,0.7688004109227715,0.19846314750613597
coil2000_insurance_policies,independent,0,1,4,9822,7857,1965,2,15.752665245202559,938,1.1561701350001385,9.559846067000763,10.716016202000901,0.7796509046509046,0.1964513510465622
coil2000_insurance_policies,independent,1,1,4,9822,7857,1965,2,15.788461538461538,936,1.0695649969984515,9.526391463001346,10.595956459999798,0.7601974801097519,0.2033138871192932
coil2000_insurance_policies,independent,2,1,4,9822,7858,1964,2,15.754797441364605,938,1.0772991720004939,9.518401108000035,10.595700280000528,0.7510446600863493,0.20320504903793335
coil2000_insurance_policies,independent,3,1,4,9822,7858,1964,2,15.754797441364605,938,1.089688940999622,9.505961971999568,10.59565091299919,0.761477378423778,0.19993308186531067
coil2000_insurance_policies,independent,4,1,4,9822,7858,1964,2,15.754797441364605,938,1.0399419879995548,9.705068137000126,10.74501012499968,0.7741960860531516,0.19618022441864014
coil2000_insurance_policies,shared,0,5,4,9822,7857,1965,2,15.752665245202559,2814,0.7216178910002782,18.379848047999985,19.101465939000263,0.781940281940282,0.1969247878049009
coil2000_insurance_policies,shared,1,5,4,9822,7857,1965,2,15.788461538461538,2808,0.7256761400003597,17.97462986500068,18.70030600500104,0.7611334917823681,0.2028082997452753
coil2000_insurance_policies,shared,2,5,4,9822,7858,1964,2,15.754797441364605,2814,0.7314460870002222,18.00196877200142,18.73341485900164,0.7562390385887949,0.2021195415984471
coil2000_insurance_policies,shared,3,5,4,9822,7858,1964,2,15.754797441364605,2814,0.7810920430001715,17.896693575001336,18.677785618001508,0.7543139949745254,0.2032309101009814
coil2000_insurance_policies,shared,4,5,4,9822,7858,1964,2,15.754797441364605,2814,0.71260671500022,17.624230592999083,18.336837307999303,0.7819055155276053,0.19370007027780659
coil2000_insurance_policies,independent,0,5,4,9822,7857,1965,2,15.752665245202559,2814,1.3827947379995749,17.93511550400035,19.317910241999925,0.7854460354460355,0.1960151195526123
coil2000_insurance_policies,independent,1,5,4,9822,7857,1965,2,15.788461538461538,2808,1.2834972319997178,17.822027666001304,19.105524898001022,0.7650473052958072,0.20258817076683044
coil2000_insurance_policies,independent,2,5,4,9822,7858,1964,2,15.754797441364605,2814,1.2934914710003795,17.80648558699977,19.09997705800015,0.7601909310084731,0.2012990266084671
coil2000_insurance_policies,independent,3,5,4,9822,7858,1964,2,15.754797441364605,2814,1.2901477640007215,17.845154897999237,19.135302661999958,0.7559336230153773,0.2022053748369217
coil2000_insurance_policies,independent,4,5,4,9822,7858,1964,2,15.754797441364605,2814,1.304317190000802,17.653385233001245,18.957702423002047,0.7816232374976284,0.19384077191352844
coil2000_insurance_policies,shared,0,20,4,9822,7857,1965,2,15.752665245202559,7857,0.9510250039984385,46.92499907899946,47.8760240829979,0.7842204092204091,0.19740812480449677
coil2000_insurance_policies,shared,1,20,4,9822,7857,1965,2,15.788461538461538,7857,0.9599904890001199,46.54940062899914,47.50939111799926,0.7750704302900719,0.20169083774089813
coil2000_insurance_policies,shared,2,20,4,9822,7858,1964,2,15.754797441364605,7858,0.9661424799996894,47.00025423199986,47.96639671199955,0.7615236535106595,0.20077548921108246
coil2000_insurance_policies,shared,3,20,4,9822,7858,1964,2,15.754797441364605,7858,1.002488229998562,46.12024390499937,47.12273213499793,0.7513894094836162,0.20504656434059143
coil2000_insurance_policies,shared,4,20,4,9822,7858,1964,2,15.754797441364605,7858,0.9685189650008397,46.29522549600006,47.2637444610009,0.7852326942743835,0.1936851292848587
coil2000_insurance_policies,independent,0,20,4,9822,7857,1965,2,15.752665245202559,7857,0.9588688980002189,46.28302805199928,47.2418969499995,0.7842204092204091,0.19740812480449677
coil2000_insurance_policies,independent,1,20,4,9822,7857,1965,2,15.788461538461538,7857,1.0078871590012568,47.63387973499994,48.641766894001194,0.7750704302900719,0.20169083774089813
coil2000_insurance_policies,independent,2,20,4,9822,7858,1964,2,15.754797441364605,7858,1.008347295999556,47.14925122400018,48.15759851999974,0.7615236535106595,0.20077548921108246
coil2000_insurance_policies,independent,3,20,4,9822,7858,1964,2,15.754797441364605,7858,0.9809895760008658,46.75869530199998,47.739684878000844,0.7513894094836162,0.20504656434059143
coil2000_insurance_policies,independent,4,20,4,9822,7858,1964,2,15.754797441364605,7858,0.9741679329999897,46.87961484000152,47.85378277300151,0.7852326942743835,0.1936851292848587
coil2000_insurance_policies,independent,0,none,4,9822,7857,1965,2,15.752665245202559,7857,0.971972988001653,46.78033247300118,47.752305461002834,0.7842204092204091,0.19740812480449677
coil2000_insurance_policies,independent,1,none,4,9822,7857,1965,2,15.788461538461538,7857,0.9498627410011977,46.41559927700109,47.36546201800229,0.7750704302900719,0.20169083774089813
coil2000_insurance_policies,independent,2,none,4,9822,7858,1964,2,15.754797441364605,7858,0.962638204000541,46.241660511999726,47.20429871600027,0.7615236535106595,0.20077548921108246
coil2000_insurance_policies,independent,3,none,4,9822,7858,1964,2,15.754797441364605,7858,0.9925899760000902,47.09644884199952,48.08903881799961,0.7513894094836162,0.20504656434059143
coil2000_insurance_policies,independent,4,none,4,9822,7858,1964,2,15.754797441364605,7858,1.0506985989995883,52.54607989100077,53.59677849000036,0.7852326942743835,0.1936851292848587
APSFailure,shared,0,1,4,12000,9600,2400,2,54.172413793103445,348,1.0244680230007361,16.47498285599977,17.499450879000506,0.9910114355063098,0.0363990015766165
APSFailure,shared,1,1,4,12000,9600,2400,2,54.172413793103445,348,1.028387438000209,16.010299525001756,17.038686963001965,0.9806119327880337,0.039968381220572204
APSFailure,shared,2,1,4,12000,9600,2400,2,54.172413793103445,348,1.0187820150003972,16.145966173000488,17.164748188000885,0.9915738374559698,0.030684408084649964
APSFailure,shared,3,1,4,12000,9600,2400,2,54.49132947976879,346,1.0102206930005195,15.7202043340003,16.73042502700082,0.9731343571538817,0.05529717315279545
APSFailure,shared,4,1,4,12000,9600,2400,2,54.49132947976879,346,1.006788446000428,15.780675956999403,16.78746440299983,0.991125173637907,0.02609786326715076
APSFailure,independent,0,1,4,12000,9600,2400,2,54.172413793103445,348,1.8905917510001018,16.46834729999864,18.358939050998742,0.9920178389951751,0.028794867917895317
APSFailure,independent,1,1,4,12000,9600,2400,2,54.172413793103445,348,1.9180892089989356,16.220690055999512,18.138779264998448,0.9843810125208434,0.03593514859676361
APSFailure,independent,2,1,4,12000,9600,2400,2,54.172413793103445,348,1.8438341179989948,15.620105660998888,17.463939778997883,0.9936655780406706,0.027426859363913536
APSFailure,independent,3,1,4,12000,9600,2400,2,54.49132947976879,346,1.893867432998377,15.455572963001032,17.34944039599941,0.9766746411483254,0.042241062968969345
APSFailure,independent,4,1,4,12000,9600,2400,2,54.49132947976879,346,1.8573597350005002,15.840326509998704,17.697686244999204,0.9894852600709987,0.02957569994032383
APSFailure,shared,0,5,4,12000,9600,2400,2,54.172413793103445,1044,1.1240210840005602,20.64694226699976,21.77096335100032,0.9942773134946868,0.0245135987070124
APSFailure,shared,1,5,4,12000,9600,2400,2,54.172413793103445,1044,1.124644776000423,20.32979000100022,21.454434777000642,0.9871930222691438,0.03183160883086093
APSFailure,shared,2,5,4,12000,9600,2400,2,54.172413793103445,1044,1.188419956000871,20.363830704000065,21.552250660000936,0.9942477133920732,0.025639588530356215
APSFailure,shared,3,5,4,12000,9600,2400,2,54.49132947976879,1038,1.1178609540002071,20.547053947999302,21.66491490199951,0.9794432011112827,0.03436546809355518
APSFailure,shared,4,5,4,12000,9600,2400,2,54.49132947976879,1038,1.1063120609996986,20.097839894000572,21.20415195500027,0.9949934403457323,0.020892586644789178
APSFailure,independent,0,5,4,12000,9600,2400,2,54.172413793103445,1044,1.991232301999844,20.62202385299861,22.613256154998453,0.9952541168809386,0.021624131128191948
APSFailure,independent,1,5,4,12000,9600,2400,2,54.172413793103445,1044,1.989733858999898,20.585121647998676,22.574855506998574,0.9894228966660418,0.02890535444021225
APSFailure,independent,2,5,4,12000,9600,2400,2,54.172413793103445,1044,2.0010819680010172,20.64394827599972,22.645030244000736,0.9959743860445383,0.02096634916961193
APSFailure,independent,3,5,4,12000,9600,2400,2,54.49132947976879,1038,1.989529290000064,20.612697923999804,22.602227213999868,0.979915882080568,0.03498527407646179
APSFailure,independent,4,5,4,12000,9600,2400,2,54.49132947976879,1038,2.0290519559985114,20.68733144900034,22.71638340499885,0.993189535422133,0.023327983915805817
APSFailure,shared,0,20,4,12000,9600,2400,2,54.172413793103445,3654,1.5034539230000519,41.609867242999826,43.11332116599988,0.9959743860445383,0.01975633443113896
APSFailure,shared,1,20,4,12000,9600,2400,2,54.172413793103445,3654,1.409578398001031,41.30992773499929,42.71950613300032,0.9917711714733944,0.027602233979745008
APSFailure,shared,2,20,4,12000,9600,2400,2,54.172413793103445,3654,1.3950255109994032,41.35967851799978,42.754704028999186,0.9955303845053329,0.019698900356337968
APSFailure,shared,3,20,4,12000,9600,2400,2,54.49132947976879,3633,1.417596676001267,41.730382420999376,43.14797909700064,0.9796650717703349,0.03706538048245251
APSFailure,shared,4,20,4,12000,9600,2400,2,54.49132947976879,3633,1.4317503449983633,41.23187032699934,42.663620671997705,0.9949934403457323,0.019688497115964397
APSFailure,independent,0,20,4,12000,9600,2400,2,54.172413793103445,3654,2.664334131000942,42.21005413900093,44.87438827000187,0.9960533196515081,0.0188700370490551
APSFailure,independent,1,20,4,12000,9600,2400,2,54.172413793103445,3654,2.639982165001129,42.29775502399934,44.93773718900047,0.991968505490819,0.02527771331369877
APSFailure,independent,2,20,4,12000,9600,2400,2,54.172413793103445,3654,2.5802466530003585,43.174841788000776,45.755088441001135,0.995875719035826,0.018591610714793205
APSFailure,independent,3,20,4,12000,9600,2400,2,54.49132947976879,3633,2.597396678000223,42.8180473299999,45.41544400800012,0.980697252662448,0.036091551184654236
APSFailure,independent,4,20,4,12000,9600,2400,2,54.49132947976879,3633,2.6807338380003785,43.77222265599994,46.45295649400032,0.9946654576323507,0.02000574953854084
APSFailure,independent,0,none,4,12000,9600,2400,2,54.172413793103445,9600,2.0287652580009308,94.93939305599997,96.9681583140009,0.9960631863523793,0.018441887572407722
APSFailure,independent,1,none,4,12000,9600,2400,2,54.172413793103445,9600,1.9793375530007324,90.99153551500058,92.97087306800131,0.9911693027202495,0.027253640815615654
APSFailure,independent,2,none,4,12000,9600,2400,2,54.172413793103445,9600,2.004497910000282,90.69811349200063,92.70261140200091,0.9958757190358261,0.017963163554668427
APSFailure,independent,3,none,4,12000,9600,2400,2,54.49132947976879,9600,1.9967413960002887,89.373535282999,91.37027667899929,0.9812856922364561,0.03345678374171257
APSFailure,independent,4,none,4,12000,9600,2400,2,54.49132947976879,9600,2.050443180998627,90.24902200900033,92.29946518999895,0.9948390955394351,0.01958325505256653
kddcup09_appetency,shared,0,1,4,12000,9600,2400,2,54.81395348837209,344,0.9653433339990443,15.917576902000292,16.882920235999336,0.8133305060785977,0.07853320105009516
kddcup09_appetency,shared,1,1,4,12000,9600,2400,2,55.14035087719298,342,1.1311144980008976,16.136345290000463,17.26745978800136,0.7886256672356464,0.08132804837635767
kddcup09_appetency,shared,2,1,4,12000,9600,2400,2,55.14035087719298,342,1.0190688130005583,15.592811135000375,16.611879948000933,0.8053793253149945,0.08079609382309352
kddcup09_appetency,shared,3,1,4,12000,9600,2400,2,55.14035087719298,342,1.0963634950003325,17.872531822000383,18.968895317000715,0.8147822912452762,0.076066979278722
kddcup09_appetency,shared,4,1,4,12000,9600,2400,2,55.14035087719298,342,1.1683747810002387,16.321319071999824,17.489693853000063,0.8572880385985338,0.07398899922207697
kddcup09_appetency,independent,0,1,4,12000,9600,2400,2,54.81395348837209,344,2.2421341089993803,18.514564068000254,20.756698176999635,0.8087968011632134,0.07685830444097519
kddcup09_appetency,independent,1,1,4,12000,9600,2400,2,55.14035087719298,342,2.2065261749994534,19.44395071800136,21.650476893000814,0.8016299789839272,0.07906899601221085
kddcup09_appetency,independent,2,1,4,12000,9600,2400,2,55.14035087719298,342,2.227468183999008,20.157612008999422,22.38508019299843,0.8143284230051997,0.0787062868475914
kddcup09_appetency,independent,3,1,4,12000,9600,2400,2,55.14035087719298,342,2.2678920309990644,19.520704040000055,21.78859607099912,0.8178113684127439,0.07634793967008591
kddcup09_appetency,independent,4,1,4,12000,9600,2400,2,55.14035087719298,342,2.2004698060009105,19.37930114899973,21.57977095500064,0.8531341575317462,0.07286867499351501
kddcup09_appetency,shared,0,5,4,12000,9600,2400,2,54.81395348837209,1032,1.2053371440015326,22.657533355999476,23.86287050000101,0.8015873015873016,0.0770481318345658
kddcup09_appetency,shared,1,5,4,12000,9600,2400,2,55.14035087719298,1026,1.332372333999956,24.121167646000686,25.45353998000064,0.7971208966857752,0.07901706669632835
kddcup09_appetency,shared,2,5,4,12000,9600,2400,2,55.14035087719298,1026,1.2126140280015534,22.18160034599896,23.394214374000512,0.8242740574833992,0.07718202186890216
kddcup09_appetency,shared,3,5,4,12000,9600,2400,2,55.14035087719298,1026,1.204364807001184,24.771595139000055,25.97595994600124,0.8258231295201823,0.07573570306664562
kddcup09_appetency,shared,4,5,4,12000,9600,2400,2,55.14035087719298,1026,1.2534229129996675,22.88276765200135,24.136190565001016,0.8597053803119851,0.07216335269758552
kddcup09_appetency,independent,0,5,4,12000,9600,2400,2,54.81395348837209,1032,2.4201897049988474,25.58835042099963,28.00854012599848,0.8046871844581769,0.07758940011262894
kddcup09_appetency,independent,1,5,4,12000,9600,2400,2,55.14035087719298,1026,2.423588894000204,25.443073844000537,27.86666273800074,0.7934603506625489,0.07970478385686874
kddcup09_appetency,independent,2,5,4,12000,9600,2400,2,55.14035087719298,1026,2.427968076999605,25.374117388999366,27.80208546599897,0.8309143471697369,0.07641758769750595
kddcup09_appetency,independent,3,5,4,12000,9600,2400,2,55.14035087719298,1026,2.5107006529997307,23.034569182998894,25.545269835998624,0.8218961825734329,0.07644239813089371
kddcup09_appetency,independent,4,5,4,12000,9600,2400,2,55.14035087719298,1026,2.426498493998224,24.97650050700031,27.402999000998534,0.8656451342364654,0.07142122834920883
kddcup09_appetency,shared,0,20,4,12000,9600,2400,2,54.81395348837209,3612,1.5532644340000843,48.057312920000186,49.61057735400027,0.8027787875116119,0.07844486692742268
kddcup09_appetency,shared,1,20,4,12000,9600,2400,2,55.14035087719298,3591,1.5297398130005604,44.880871304998436,46.410611117999,0.8011761107438505,0.08032480680852742
kddcup09_appetency,shared,2,20,4,12000,9600,2400,2,55.14035087719298,3591,1.5180512100014312,49.04725266300011,50.56530387300154,0.8255863286992728,0.07726814463692971
kddcup09_appetency,shared,3,20,4,12000,9600,2400,2,55.14035087719298,3591,1.5440698140009772,43.65799654700095,45.202066361001926,0.8248857929374155,0.07627171504882306
kddcup09_appetency,shared,4,20,4,12000,9600,2400,2,55.14035087719298,3591,1.563199935000739,47.148682762001044,48.71188269700178,0.8632771260273703,0.07279895670546833
kddcup09_appetency,independent,0,20,4,12000,9600,2400,2,54.81395348837209,3612,2.929953247999947,47.201043974999266,50.13099722299921,0.8057776969990711,0.0782056376338005
kddcup09_appetency,independent,1,20,4,12000,9600,2400,2,55.14035087719298,3591,2.9693029480004043,48.28704052399917,51.25634347199957,0.7868693944805675,0.08051767945289612
kddcup09_appetency,independent,2,20,4,12000,9600,2400,2,55.14035087719298,3591,2.937363801000174,48.9813812450011,51.91874504600128,0.8304308788270466,0.07705898582935333
kddcup09_appetency,independent,3,20,4,12000,9600,2400,2,55.14035087719298,3591,2.921578767000028,47.590519495999615,50.51209826299964,0.8243529910903691,0.07694030553102493
kddcup09_appetency,independent,4,20,4,12000,9600,2400,2,55.14035087719298,3591,2.9184590659988316,46.89777519800009,49.81623426399892,0.8624384564533157,0.07186752557754517
kddcup09_appetency,independent,0,none,4,12000,9600,2400,2,54.81395348837209,9600,2.151076774000103,109.23621379799988,111.38729057199998,0.8043337776162204,0.07887040823698044
kddcup09_appetency,independent,1,none,4,12000,9600,2400,2,55.14035087719298,9600,2.171513101999153,100.0396115500007,102.21112465199985,0.7853893893498831,0.081572987139225
kddcup09_appetency,independent,2,none,4,12000,9600,2400,2,55.14035087719298,9600,2.135903386000791,100.1475135439996,102.28341693000039,0.8259020631271522,0.07849597930908203
kddcup09_appetency,independent,3,none,4,12000,9600,2400,2,55.14035087719298,9600,2.2085295750002842,101.09649204599918,103.30502162099947,0.8242345906799143,0.07777010649442673
kddcup09_appetency,independent,4,none,4,12000,9600,2400,2,55.14035087719298,9600,2.1235090199988917,108.8652773140002,110.98878633399909,0.8574163057098598,0.07433789223432541
