dataset,train_size,max_imbalance_ratio,n_estimators,seed,openml_id,n_classes,n_features,n_test,natural_ratio,n_context,context_ratio,fit_seconds,predict_seconds,fit_predict_seconds,roc_auc,log_loss
seismic-bumps,400,none,1,0,46956,2,15,646,14.384615384615383,400,14.384615384615383,0.3023377619999792,0.2424154300000509,0.5447531920000301,0.7261904761904763,0.2184061855077743
seismic-bumps,400,5,1,0,46956,2,15,646,14.384615384615383,156,5.0,0.1756181079999805,0.1607740009999361,0.3363921089999167,0.750630715862504,0.2161518037319183
seismic-bumps,400,1,1,0,46956,2,15,646,14.384615384615383,52,1.0,0.1790850570000657,0.1222004990000868,0.3012855560001526,0.6989908546199937,0.2404064238071441
seismic-bumps,800,none,1,0,46956,2,15,646,14.09433962264151,800,14.09433962264151,0.3096355730001505,0.4037019170000349,0.7133374900001854,0.7684484389782402,0.2112461477518081
seismic-bumps,800,20,1,0,46956,2,15,646,14.09433962264151,800,14.09433962264151,0.2001817939999455,0.3483844740001132,0.5485662680000587,0.7684484389782402,0.2112461477518081
seismic-bumps,800,10,1,0,46956,2,15,646,14.09433962264151,583,10.0,0.1753584699999919,0.2851527190000524,0.4605111890000444,0.7636786502680543,0.209659144282341
seismic-bumps,800,5,1,0,46956,2,15,646,14.09433962264151,318,5.0,0.1797325909999472,0.2116166600001179,0.3913492510000651,0.7638757489750867,0.2093134522438049
seismic-bumps,800,2,1,0,46956,2,15,646,14.09433962264151,159,2.0,0.1769474879999961,0.14477289499996,0.3217203829999562,0.7380952380952381,0.2188965678215026
seismic-bumps,800,1,1,0,46956,2,15,646,14.09433962264151,106,1.0,0.1788645920000817,0.137950045000025,0.3168146370001068,0.7216966256701356,0.222812071442604
seismic-bumps,1938,none,1,0,46956,2,15,646,14.140625,1938,14.140625,0.1772185239999544,0.7343584440000086,0.911576967999963,0.7864632608010091,0.2073392570018768
seismic-bumps,1938,20,1,0,46956,2,15,646,14.140625,1938,14.140625,0.1786941069999557,0.743520621000016,0.9222147279999716,0.7864632608010091,0.2073392570018768
seismic-bumps,1938,10,1,0,46956,2,15,646,14.140625,1408,10.0,0.1803385230000458,0.5205411629999617,0.7008796860000075,0.7860296436455377,0.2077603638172149
seismic-bumps,1938,5,1,0,46956,2,15,646,14.140625,768,5.0,0.1797823429999425,0.3226186319998305,0.5024009749997731,0.7789340901923685,0.2071450799703598
seismic-bumps,1938,2,1,0,46956,2,15,646,14.140625,384,2.0,0.176628619999974,0.1942771330000141,0.3709057529999882,0.7543361715547146,0.2116173952817917
seismic-bumps,1938,1,1,0,46956,2,15,646,14.140625,256,1.0,0.1778573149999829,0.1657356170001094,0.3435929320000923,0.749526963103122,0.2131202667951584
anneal,673,none,1,0,46906,5,38,225,85.5,673,85.5,0.1940536129998236,0.3195448569999826,0.5135984699998062,0.9996294382237536,0.0575514435768127
anneal,673,20,1,0,46906,5,38,225,85.5,280,20.0,0.1938618949998272,0.1654177789998812,0.3592796739997084,0.9983481098669728,0.078517846763134
anneal,673,10,1,0,46906,5,38,225,85.5,206,10.0,0.2833784750000632,0.1357703369999399,0.4191488120000031,0.995781950425878,0.1256461590528488
anneal,673,5,1,0,46906,5,38,225,85.5,126,5.0,0.1946937540001272,0.1135259459999815,0.3082197000001088,0.9892819791367594,0.129242792725563
anneal,673,2,1,0,46906,5,38,225,85.5,54,2.0,0.1909333389999119,0.0906177150000075,0.2815510539999195,0.9818095320126328,0.1693003624677658
anneal,673,1,1,0,46906,5,38,225,85.5,30,1.0,0.1928509159999976,0.0828586559998711,0.2757095719998688,0.9742680830701502,0.217598557472229
MIC,800,none,1,0,46980,8,111,425,112.0,800,112.0,0.2326741059998767,1.1544454539998696,1.3871195599997463,0.90405046108564,0.4919008016586303
MIC,800,20,1,0,46980,8,111,425,112.0,248,20.0,0.2339331549999315,0.6757437970002229,0.9096769520001544,0.8918815763490773,0.4843588769435882
MIC,800,10,1,0,46980,8,111,425,112.0,188,10.0,0.2311543920000076,0.5754169499998625,0.8065713419998701,0.8983799365360133,0.4872091114521026
MIC,800,5,1,0,46980,8,111,425,112.0,137,5.0,0.2330997809999644,0.4762622949999695,0.709362075999934,0.8348733085425176,0.5460448265075684
MIC,800,2,1,0,46980,8,111,425,112.0,86,2.0,0.2330271259997971,0.4396346059997995,0.6726617319995967,0.7790536425174709,0.6103499531745911
MIC,800,1,1,0,46980,8,111,425,112.0,48,1.0,0.2311035840000386,0.3961714910001319,0.6272750750001705,0.7449671043998732,0.7035046219825745
MIC,1274,none,1,0,46980,8,111,425,119.0,1274,119.0,0.2410309890001372,1.7315466950001337,1.972577684000271,0.9042719667258418,0.481677770614624
MIC,1274,20,1,0,46980,8,111,425,119.0,383,20.0,0.2395879470000181,0.814841572999967,1.0544295199999851,0.9060038113308873,0.4729203581809997
MIC,1274,10,1,0,46980,8,111,425,119.0,293,10.0,0.240118688999928,0.7469574909998755,0.9870761799998036,0.8936110831116728,0.4909723401069641
MIC,1274,5,1,0,46980,8,111,425,119.0,211,5.0,0.2431255120000059,0.5935815679999905,0.8367070799999965,0.8841708863291909,0.4951517283916473
MIC,1274,2,1,0,46980,8,111,425,119.0,130,2.0,0.2499289170000338,0.4855070550001983,0.7354359720002321,0.8645194964772396,0.5363165140151978
MIC,1274,1,1,0,46980,8,111,425,119.0,72,1.0,0.2452947219999259,0.395554508000032,0.640849229999958,0.8343351611741284,0.5784298777580261
polish_companies_bankruptcy,800,none,1,0,46950,2,64,800,13.545454545454543,800,13.545454545454543,0.1808669239999289,0.9358443020000776,1.1167112260000067,0.924899193548387,0.14375701546669
polish_companies_bankruptcy,800,20,1,0,46950,2,64,800,13.545454545454543,800,13.545454545454543,0.1850996559999203,0.936714949999896,1.1218146059998162,0.924899193548387,0.14375701546669
polish_companies_bankruptcy,800,10,1,0,46950,2,64,800,13.545454545454543,605,10.0,0.1805265620000682,0.9083253499998136,1.0888519119998818,0.9133304531490016,0.1627846211194992
polish_companies_bankruptcy,800,5,1,0,46950,2,64,800,13.545454545454543,330,5.0,0.1772366710001733,0.6895043770000484,0.8667410480002218,0.9174347158218126,0.1657340675592422
polish_companies_bankruptcy,800,2,1,0,46950,2,64,800,13.545454545454543,165,2.0,0.1766225369999574,0.525196410000035,0.7018189469999925,0.9151305683563749,0.1582897901535034
polish_companies_bankruptcy,800,1,1,0,46950,2,64,800,13.545454545454543,110,1.0,0.2345746539999709,0.5182405759999256,0.7528152299998965,0.8935771889400922,0.190775066614151
polish_companies_bankruptcy,2000,none,1,0,46950,2,64,800,13.388489208633093,2000,13.388489208633093,0.2078499100000499,2.2481868620000114,2.4560367720000613,0.962389592933948,0.0959812179207801
polish_companies_bankruptcy,2000,20,1,0,46950,2,64,800,13.388489208633093,2000,13.388489208633093,0.1921565899999677,2.381119515999899,2.5732761059998666,0.962389592933948,0.0959812179207801
polish_companies_bankruptcy,2000,10,1,0,46950,2,64,800,13.388489208633093,1529,10.0,0.2162230889998682,1.928654305000009,2.1448773939998773,0.9597494239631336,0.1005231291055679
polish_companies_bankruptcy,2000,5,1,0,46950,2,64,800,13.388489208633093,834,5.0,0.1978695309999238,1.2521911440001077,1.4500606750000316,0.9623655913978496,0.0999380052089691
polish_companies_bankruptcy,2000,2,1,0,46950,2,64,800,13.388489208633093,417,2.0,0.1920480789999601,0.8858882340000491,1.0779363130000092,0.9380280337941628,0.1293387115001678
polish_companies_bankruptcy,2000,1,1,0,46950,2,64,800,13.388489208633093,278,1.0,0.196561642000006,0.7293211549999796,0.9258827969999855,0.9329877112135176,0.1347375512123108
polish_companies_bankruptcy,4432,none,1,0,46950,2,64,800,13.436482084690551,4432,13.436482084690551,0.1923939939999854,4.946548100999962,5.138942094999948,0.97911866359447,0.0739854276180267
polish_companies_bankruptcy,4432,20,1,0,46950,2,64,800,13.436482084690551,4432,13.436482084690551,0.1983309849999841,4.471051334000094,4.669382319000079,0.97911866359447,0.0739854276180267
polish_companies_bankruptcy,4432,10,1,0,46950,2,64,800,13.436482084690551,3377,10.0,0.195379204000119,3.414882825999939,3.610262030000058,0.9757824500768048,0.0750429555773735
polish_companies_bankruptcy,4432,5,1,0,46950,2,64,800,13.436482084690551,1842,5.0,0.3034190030000445,1.9293636719999083,2.232782674999953,0.969206029185868,0.0941258147358894
polish_companies_bankruptcy,4432,2,1,0,46950,2,64,800,13.436482084690551,921,2.0,0.1920439000000442,1.1330546689998755,1.3250985689999195,0.9683899769585254,0.0956574156880378
polish_companies_bankruptcy,4432,1,1,0,46950,2,64,800,13.436482084690551,614,1.0,0.1904374129999269,0.949197095000045,1.139634507999972,0.9507248463901692,0.1130698174238205
taiwanese_bankruptcy_prediction,800,none,1,0,46962,2,94,800,29.76923076923077,800,29.76923076923077,0.1837244319999627,1.3431204920000257,1.5268449239999882,0.9187040349831048,0.0897381752729415
taiwanese_bankruptcy_prediction,800,20,1,0,46962,2,94,800,29.76923076923077,546,20.0,0.1850432190001356,1.098643334999906,1.2836865540000415,0.9187537268932616,0.0882958322763443
taiwanese_bankruptcy_prediction,800,10,1,0,46962,2,94,800,29.76923076923077,286,10.0,0.1844353830001637,0.8327186869998968,1.0171540700000603,0.9146789902603856,0.0920387804508209
taiwanese_bankruptcy_prediction,800,5,1,0,46962,2,94,800,29.76923076923077,156,5.0,0.184099020000076,0.7529006489999119,0.936999668999988,0.906281057443848,0.09359672665596
taiwanese_bankruptcy_prediction,800,2,1,0,46962,2,94,800,29.76923076923077,78,2.0,0.183023047000006,0.6799920270000257,0.8630150740000317,0.8841184655138143,0.1059342697262764
taiwanese_bankruptcy_prediction,800,1,1,0,46962,2,94,800,29.76923076923077,52,1.0,0.1887288670000089,0.6322146500001509,0.8209435170001598,0.8893361160803022,0.1034495458006858
taiwanese_bankruptcy_prediction,2000,none,1,0,46962,2,94,800,29.76923076923077,2000,29.76923076923077,0.3198709220000637,2.494189856000048,2.814060778000112,0.9422083084873782,0.0778029263019561
taiwanese_bankruptcy_prediction,2000,20,1,0,46962,2,94,800,29.76923076923077,1365,20.0,0.186302335999926,1.7596461139999064,1.9459484499998323,0.9413138541045518,0.078696109354496
taiwanese_bankruptcy_prediction,2000,10,1,0,46962,2,94,800,29.76923076923077,715,10.0,0.2845050439998431,1.1552400019998004,1.4397450459996437,0.9408169350029816,0.0791925564408302
taiwanese_bankruptcy_prediction,2000,5,1,0,46962,2,94,800,29.76923076923077,390,5.0,0.1831019100000048,0.9199702589999106,1.1030721689999154,0.9386801828662292,0.0803836733102798
taiwanese_bankruptcy_prediction,2000,2,1,0,46962,2,94,800,29.76923076923077,195,2.0,0.2883683719999226,0.7601788490001127,1.0485472210000353,0.93599681971775,0.0874436944723129
taiwanese_bankruptcy_prediction,2000,1,1,0,46962,2,94,800,29.76923076923077,130,1.0,0.1834111680000205,0.6761505399999805,0.8595617080000011,0.9410157026436096,0.0915947034955024
taiwanese_bankruptcy_prediction,4500,none,1,0,46962,2,94,800,30.03448275862069,4500,30.03448275862069,0.2924898969999958,5.373453731999916,5.665943628999912,0.9478731862452792,0.0751806423068046
taiwanese_bankruptcy_prediction,4500,20,1,0,46962,2,94,800,30.03448275862069,3045,20.0,0.1954265019999184,3.599850822000008,3.795277323999926,0.9471278075929238,0.0750008076429367
taiwanese_bankruptcy_prediction,4500,10,1,0,46962,2,94,800,30.03448275862069,1595,10.0,0.2903704929999549,2.01075656099988,2.301127053999835,0.9388789505068575,0.079123668372631
taiwanese_bankruptcy_prediction,4500,5,1,0,46962,2,94,800,30.03448275862069,870,5.0,0.1876293709999572,1.3374547619998791,1.5250841329998366,0.9373881932021468,0.0792647376656532
taiwanese_bankruptcy_prediction,4500,2,1,0,46962,2,94,800,30.03448275862069,435,2.0,0.1828556660000231,0.8991602359999433,1.0820159019999664,0.9392267938779566,0.082542635500431
taiwanese_bankruptcy_prediction,4500,1,1,0,46962,2,94,800,30.03448275862069,290,1.0,0.1851462920001267,0.8291936670000268,1.0143399590001536,0.9282945736434108,0.098082810640335
coil2000_insurance_policies,800,none,1,0,46916,2,85,800,15.666666666666666,800,15.666666666666666,0.29396607700005,1.2342822430000524,1.5282483200001025,0.7331006205673759,0.2109616100788116
coil2000_insurance_policies,800,20,1,0,46916,2,85,800,15.666666666666666,800,15.666666666666666,0.1837578770000618,1.2562594040000477,1.4400172810001095,0.7331006205673759,0.2109616100788116
coil2000_insurance_policies,800,10,1,0,46916,2,85,800,15.666666666666666,528,10.0,0.1828926499999852,1.0063099789999796,1.1892026289999649,0.7357324911347518,0.2108052372932434
coil2000_insurance_policies,800,5,1,0,46916,2,85,800,15.666666666666666,288,5.0,0.1828235899999981,0.8061076449998836,0.9889312349998818,0.737644060283688,0.2052465826272964
coil2000_insurance_policies,800,2,1,0,46916,2,85,800,15.666666666666666,144,2.0,0.1837626030001047,0.6926822049999828,0.8764448080000875,0.7241799645390072,0.2065886706113815
coil2000_insurance_policies,800,1,1,0,46916,2,85,800,15.666666666666666,96,1.0,0.1833708770000157,0.6045050840000386,0.7878759610000543,0.7250110815602837,0.2075179666280746
coil2000_insurance_policies,2000,none,1,0,46916,2,85,800,15.806722689075633,2000,15.806722689075633,0.1881800559999646,2.548705696999832,2.7368857529997968,0.783521719858156,0.2012673914432525
coil2000_insurance_policies,2000,20,1,0,46916,2,85,800,15.806722689075633,2000,15.806722689075633,0.1913428570001087,2.50741939500017,2.6987622520002787,0.783521719858156,0.2012673914432525
coil2000_insurance_policies,2000,10,1,0,46916,2,85,800,15.806722689075633,1309,10.0,0.1883701609999661,1.7838759940000273,1.9722461549999928,0.7878712322695035,0.1995899230241775
coil2000_insurance_policies,2000,5,1,0,46916,2,85,800,15.806722689075633,714,5.0,0.1968032099998709,1.172561900999881,1.3693651109997518,0.7852116578014183,0.2004270106554031
coil2000_insurance_policies,2000,2,1,0,46916,2,85,800,15.806722689075633,357,2.0,0.2227656830000342,0.8830474449998746,1.1058131279999088,0.787178634751773,0.1997338533401489
coil2000_insurance_policies,2000,1,1,0,46916,2,85,800,15.806722689075633,238,1.0,0.1866457190001256,0.7442471910001132,0.9308929100002388,0.7267841312056738,0.2152131050825119
coil2000_insurance_policies,4500,none,1,0,46916,2,85,800,15.791044776119405,4500,15.791044776119405,0.201031950000015,5.547957832999828,5.748989782999843,0.7982324911347518,0.1964026093482971
coil2000_insurance_policies,4500,20,1,0,46916,2,85,800,15.791044776119405,4500,15.791044776119405,0.3044768150000436,5.443302294999967,5.74777911000001,0.7982324911347518,0.1964026093482971
coil2000_insurance_policies,4500,10,1,0,46916,2,85,800,15.791044776119405,2948,10.0,0.199641437000082,3.657766716999959,3.8574081540000407,0.8016954787234042,0.1936756372451782
coil2000_insurance_policies,4500,5,1,0,46916,2,85,800,15.791044776119405,1608,5.0,0.192529205000028,2.0464683789998617,2.2389975839998897,0.8016954787234043,0.1931834369897842
coil2000_insurance_policies,4500,2,1,0,46916,2,85,800,15.791044776119405,804,2.0,0.190978565000023,1.242923731000019,1.433902296000042,0.8050476507092199,0.1921965926885604
coil2000_insurance_policies,4500,1,1,0,46916,2,85,800,15.791044776119405,536,1.0,0.1896026770000389,1.0330451979998545,1.2226478749998932,0.7695589539007092,0.1976838707923889
APSFailure,2000,none,1,0,46908,2,170,800,54.55555555555556,2000,54.55555555555556,0.2535012009998354,4.628994325999884,4.882495526999719,0.9916394038531444,0.0294479746371507
APSFailure,2000,20,1,0,46908,2,170,800,54.55555555555556,756,20.0,0.1984302749999642,2.633000389000017,2.8314306639999813,0.9876408578698656,0.0337786339223384
APSFailure,2000,10,1,0,46908,2,170,800,54.55555555555556,396,10.0,0.2007208469999568,1.7732568769999943,1.9739777239999512,0.9879134860050892,0.0338457264006137
APSFailure,2000,5,1,0,46908,2,170,800,54.55555555555556,216,5.0,0.1881918560000031,1.583395388000099,1.771587244000102,0.9858233369683752,0.036458883434534
APSFailure,2000,2,1,0,46908,2,170,800,54.55555555555556,108,2.0,0.1881196530000579,1.355288974999894,1.543408627999952,0.985459832788077,0.0376500375568866
APSFailure,2000,1,1,0,46908,2,170,800,54.55555555555556,72,1.0,0.1849627540000256,1.162128167999981,1.347090922000007,0.979825517993457,0.0461214333772659
APSFailure,5000,none,1,0,46908,2,170,800,54.55555555555556,5000,54.55555555555556,0.2219021050000265,11.172068654999975,11.393970760000002,0.9953653217011996,0.0231024120002985
APSFailure,5000,20,1,0,46908,2,170,800,54.55555555555556,1890,20.0,0.2066239920000043,4.6891038839999055,4.89572787599991,0.992457288258815,0.0280107501894235
APSFailure,5000,10,1,0,46908,2,170,800,54.55555555555556,990,10.0,0.2030983899999228,2.797525083999972,3.0006234739998945,0.98773173391494,0.0330170765519142
APSFailure,5000,5,1,0,46908,2,170,800,54.55555555555556,540,5.0,0.2037149349998799,1.9597947759998533,2.163509710999733,0.9872773536895676,0.0340219512581825
APSFailure,5000,2,1,0,46908,2,170,800,54.55555555555556,270,2.0,0.1985348739999608,1.418202627000028,1.6167375009999887,0.98209741912032,0.0403017997741699
APSFailure,5000,1,1,0,46908,2,170,800,54.55555555555556,180,1.0,0.1960100510000302,1.3096360960000766,1.5056461470001068,0.9789167575427118,0.0425513796508312
APSFailure,8000,none,1,0,46908,2,170,800,54.172413793103445,8000,54.172413793103445,0.2480474310000318,17.88284114699991,18.13088857799994,0.9953653217011996,0.0226226802915334
APSFailure,8000,20,1,0,46908,2,170,800,54.172413793103445,3045,20.0,0.2322668490000978,6.425453235000077,6.657720084000175,0.9948200654307524,0.0224947948008775
APSFailure,8000,10,1,0,46908,2,170,800,54.172413793103445,1595,10.0,0.2169626519998928,4.006292930999962,4.223255582999855,0.9956379498364232,0.0217287018895149
APSFailure,8000,5,1,0,46908,2,170,800,54.172413793103445,870,5.0,0.2086481230001027,2.441068668999833,2.649716791999936,0.9940930570701564,0.0260302480310201
APSFailure,8000,2,1,0,46908,2,170,800,54.172413793103445,435,2.0,0.2077163080000446,1.720736216999967,1.9284525250000115,0.9906397673573246,0.0311234332621097
APSFailure,8000,1,1,0,46908,2,170,800,54.172413793103445,290,1.0,0.2113628670001617,1.817676744999972,2.0290396120001333,0.9842784442021084,0.0468797497451305
kddcup09_appetency,2000,none,1,0,46939,2,212,800,54.55555555555556,2000,54.55555555555556,0.2661747680001554,5.355428051999979,5.621602820000135,0.8214285714285714,0.0783211812376976
kddcup09_appetency,2000,20,1,0,46939,2,212,800,54.55555555555556,756,20.0,0.3683683169999767,2.569631421999929,2.937999738999906,0.8731370410759723,0.0738299787044525
kddcup09_appetency,2000,10,1,0,46939,2,212,800,54.55555555555556,396,10.0,0.2488148909999381,1.948875086000044,2.197689976999982,0.9040348964013084,0.0686490312218666
kddcup09_appetency,2000,5,1,0,46939,2,212,800,54.55555555555556,216,5.0,0.247416289000057,1.6688730590001342,1.9162893480001912,0.9138495092693566,0.0646346881985664
kddcup09_appetency,2000,2,1,0,46939,2,212,800,54.55555555555556,108,2.0,0.2534595209999679,1.5025166689999878,1.7559761899999555,0.9009451108687748,0.0711469575762748
kddcup09_appetency,2000,1,1,0,46939,2,212,800,54.55555555555556,72,1.0,0.2537364970000908,1.461716542999966,1.7154530400000567,0.779625590694293,0.085720881819725
kddcup09_appetency,5000,none,1,0,46939,2,212,800,55.17977528089887,5000,55.17977528089887,0.3413416040000356,12.695252941000035,13.03659454500007,0.8877680843329698,0.0699674189090728
kddcup09_appetency,5000,20,1,0,46939,2,212,800,55.17977528089887,1869,20.0,0.3172526190001008,4.948097077999819,5.26534969699992,0.8808615049073065,0.0702250078320503
kddcup09_appetency,5000,10,1,0,46939,2,212,800,55.17977528089887,979,10.0,0.3028838360000918,3.16915321700003,3.472037053000122,0.8843147946201382,0.069796971976757
kddcup09_appetency,5000,5,1,0,46939,2,212,800,55.17977528089887,534,5.0,0.3127696950000427,2.163990752000018,2.4767604470000606,0.8927662668120684,0.071228802204132
kddcup09_appetency,5000,2,1,0,46939,2,212,800,55.17977528089887,267,2.0,0.3014105570000538,1.665859952000119,1.9672705090001728,0.8792257360959651,0.0722236335277557
kddcup09_appetency,5000,1,1,0,46939,2,212,800,55.17977528089887,178,1.0,0.2999157040001137,1.6496801569999209,1.9495958610000343,0.8595056343147947,0.0697707384824752
kddcup09_appetency,8000,none,1,0,46939,2,212,800,54.94405594405595,8000,54.94405594405595,0.4113341819997913,19.95508408899991,20.366418270999706,0.9157579062159216,0.0677967816591262
kddcup09_appetency,8000,20,1,0,46939,2,212,800,54.94405594405595,3003,20.0,0.3621018569999705,7.384070049999991,7.746171906999962,0.9108505997818974,0.066303014755249
kddcup09_appetency,8000,10,1,0,46939,2,212,800,54.94405594405595,1573,10.0,0.3579175649999797,4.572280197999817,4.930197762999796,0.9202108324245728,0.0660213902592659
kddcup09_appetency,8000,5,1,0,46939,2,212,800,54.94405594405595,858,5.0,0.35185280099995,2.848774004999996,3.2006268059999456,0.9291166848418756,0.0645923689007759
kddcup09_appetency,8000,2,1,0,46939,2,212,800,54.94405594405595,429,2.0,0.3463566709999668,1.8955467599998883,2.241903430999855,0.9195747001090512,0.064570777118206
kddcup09_appetency,8000,1,1,0,46939,2,212,800,54.94405594405595,286,1.0,0.3447971660000348,1.8120247399999696,2.1568219060000047,0.9272082878953108,0.0641095638275146
coil2000_insurance_policies,5000,none,1,0,46916,2,85,800,15.778523489932883,5000,15.778523489932883,0.2035593289999724,5.857675336000057,6.061234665000029,0.7952127659574467,0.1966540515422821
coil2000_insurance_policies,5000,20,1,0,46916,2,85,800,15.778523489932883,5000,15.778523489932883,0.3205145110000558,5.643845863000024,5.96436037400008,0.7952127659574467,0.1966540515422821
coil2000_insurance_policies,5000,10,1,0,46916,2,85,800,15.778523489932883,3278,10.0,0.2032319929999175,3.600161491000108,3.8033934840000256,0.7948526152482269,0.1962969452142715
coil2000_insurance_policies,5000,5,1,0,46916,2,85,800,15.778523489932883,1788,5.0,0.1955037010000069,2.1221844499998497,2.3176881509998566,0.7937998670212766,0.1956579834222793
coil2000_insurance_policies,5000,2,1,0,46916,2,85,800,15.778523489932883,894,2.0,0.1939902770000117,1.2291514999999436,1.4231417769999553,0.7931626773049646,0.1943764239549636
coil2000_insurance_policies,5000,1,1,0,46916,2,85,800,15.778523489932883,596,1.0,0.1926381060000039,0.992149573000006,1.18478767900001,0.7754598847517731,0.1963027715682983
coil2000_insurance_policies,7366,none,1,0,46916,2,85,800,15.779043280182233,7366,15.779043280182233,0.2216750979998778,9.1864029379999,9.40807803599978,0.8202570921985816,0.1904568523168563
coil2000_insurance_policies,7366,20,1,0,46916,2,85,800,15.779043280182233,7366,15.779043280182233,0.2186719650001123,9.039954452999837,9.258626417999947,0.8202570921985816,0.1904568523168563
coil2000_insurance_policies,7366,10,1,0,46916,2,85,800,15.779043280182233,4829,10.0,0.2162565430000995,5.836360075999892,6.052616618999991,0.8268783244680851,0.1887429356575012
coil2000_insurance_policies,7366,5,1,0,46916,2,85,800,15.779043280182233,2634,5.0,0.2079468429999451,2.920169734000183,3.128116577000128,0.8251606826241135,0.1871701627969741
coil2000_insurance_policies,7366,2,1,0,46916,2,85,800,15.779043280182233,1317,2.0,0.2026985439999862,1.6448360350000255,1.847534579000012,0.8174035904255319,0.1882544010877609
coil2000_insurance_policies,7366,1,1,0,46916,2,85,800,15.779043280182233,878,1.0,0.1974866699999893,1.2508683989999554,1.4483550689999447,0.8145500886524822,0.1935141682624817
taiwanese_bankruptcy_prediction,5000,none,1,0,46962,2,94,800,30.055900621118013,5000,30.055900621118013,0.1978272110000034,5.843635766000034,6.041462977000037,0.9470781156827668,0.0748356282711029
taiwanese_bankruptcy_prediction,5000,20,1,0,46962,2,94,800,30.055900621118013,3381,20.0,0.1947453060001862,3.9463309060001848,4.141076212000371,0.9457364341085271,0.0750423893332481
taiwanese_bankruptcy_prediction,5000,10,1,0,46962,2,94,800,30.055900621118013,1771,10.0,0.1904648380000253,2.2023518009998497,2.392816638999875,0.9442953687139732,0.0773578286170959
taiwanese_bankruptcy_prediction,5000,5,1,0,46962,2,94,800,30.055900621118013,966,5.0,0.1858494749999408,1.4273010869999323,1.6131505619998734,0.9374875770224608,0.0829165056347847
taiwanese_bankruptcy_prediction,5000,2,1,0,46962,2,94,800,30.055900621118013,483,2.0,0.1840561960000286,0.9151162360001308,1.0991724320001597,0.9376366527529318,0.08431027084589
taiwanese_bankruptcy_prediction,5000,1,1,0,46962,2,94,800,30.055900621118013,322,1.0,0.1923783849999836,0.7740589919999366,0.9664373769999202,0.9288908765652952,0.0886653512716293
taiwanese_bankruptcy_prediction,5114,none,1,0,46962,2,94,800,29.993939393939392,5114,29.993939393939392,0.1986691419999715,6.20127850300014,6.399947645000111,0.94702842377261,0.0745312198996543
taiwanese_bankruptcy_prediction,5114,20,1,0,46962,2,94,800,29.993939393939392,3465,20.0,0.1957669589999113,4.061640285000067,4.257407243999978,0.9462333532100974,0.0746511965990066
taiwanese_bankruptcy_prediction,5114,10,1,0,46962,2,94,800,29.993939393939392,1815,10.0,0.1884177950000776,2.248332991000097,2.436750786000175,0.9493142516398332,0.0726128816604614
taiwanese_bankruptcy_prediction,5114,5,1,0,46962,2,94,800,29.993939393939392,990,5.0,0.1893381979998594,1.4575427859999763,1.6468809839998355,0.9405187835420392,0.0797716677188873
taiwanese_bankruptcy_prediction,5114,2,1,0,46962,2,94,800,29.993939393939392,495,2.0,0.19542506699986,0.9524012059998768,1.1478262729997368,0.9408169350029816,0.0786086618900299
taiwanese_bankruptcy_prediction,5114,1,1,0,46962,2,94,800,29.993939393939392,330,1.0,0.1901679130000957,0.8185832230001324,1.008751136000228,0.9310773206122044,0.0854424983263015
seismic-bumps,1938,none,4,0,46956,2,15,646,14.140625,1938,14.140625,0.3410968270000012,3.179946027999904,3.521042854999905,0.7832702617470828,0.20855063199996948
seismic-bumps,1938,5,4,0,46956,2,15,646,14.140625,768,5.0,0.2896310010000889,1.2410157909998816,1.5306467919999704,0.7752680542415641,0.20760631561279297
seismic-bumps,1938,1,4,0,46956,2,15,646,14.140625,256,1.0,0.26354830100012805,0.7078626229999827,0.9714109240001108,0.7452302112898139,0.21665632724761963
anneal,673,none,4,0,46906,5,38,225,85.5,673,85.5,0.3539323269999386,1.2136960979999003,1.567628424999839,0.9995471336970045,0.05903983488678932
anneal,673,5,4,0,46906,5,38,225,85.5,126,5.0,0.31259237899985237,0.41721492800002125,0.7298073069998736,0.9923631735094266,0.12997648119926453
anneal,673,1,4,0,46906,5,38,225,85.5,30,1.0,0.31341691600005106,0.29821952800011786,0.6116364440001689,0.9700702076753757,0.22056250274181366
MIC,1274,none,4,0,46980,8,111,425,119.0,1274,119.0,0.7938717320000706,6.819437579999885,7.613309311999956,0.9040570635962767,0.4838625192642212
MIC,1274,5,4,0,46980,8,111,425,119.0,211,5.0,0.7362582680000287,2.2430929059999016,2.9793511739999303,0.8766395869214743,0.5097941756248474
MIC,1274,1,4,0,46980,8,111,425,119.0,72,1.0,0.7572275689999515,1.7011349349998,2.4583625039997514,0.8410620530528898,0.5616662502288818
taiwanese_bankruptcy_prediction,5000,none,4,0,46962,2,94,800,30.055900621118013,5000,30.055900621118013,0.9004436949999217,26.67816251199997,27.578606206999893,0.9487179487179487,0.07469815015792847
taiwanese_bankruptcy_prediction,5000,5,4,0,46962,2,94,800,30.055900621118013,966,5.0,0.7184787969999888,5.8164456219999465,6.534924418999935,0.9428046114092626,0.07924196869134903
taiwanese_bankruptcy_prediction,5000,1,4,0,46962,2,94,800,30.055900621118013,322,1.0,0.6745865369998683,3.286169238999946,3.9607557759998144,0.9381335718545022,0.08266878128051758
coil2000_insurance_policies,5000,none,4,0,46916,2,85,800,15.778523489932885,5000,15.778523489932885,0.8606360429998858,25.618421925999883,26.47905796899977,0.8003933953900708,0.1935388743877411
coil2000_insurance_policies,5000,5,4,0,46916,2,85,800,15.778523489932885,1788,5.0,0.7050567359999604,8.937734538000086,9.642791274000047,0.7949634308510638,0.19442085921764374
coil2000_insurance_policies,5000,1,4,0,46916,2,85,800,15.778523489932885,596,1.0,0.6334011619999274,4.198046501000135,4.831447663000063,0.7772883421985816,0.19616226851940155
APSFailure,5000,none,4,0,46908,2,170,800,54.55555555555556,5000,54.55555555555556,1.5775853699999516,44.253448484000046,45.831033854,0.9962740821519447,0.022001881152391434
APSFailure,5000,5,4,0,46908,2,170,800,54.55555555555556,540,5.0,1.0433886759999496,8.513262753000163,9.556651429000112,0.9889131225009088,0.031784962862730026
APSFailure,5000,1,4,0,46908,2,170,800,54.55555555555556,180,1.0,0.9777266260000488,5.913178142999868,6.890904768999917,0.9787350054525626,0.042319461703300476
