dataset,strategy,max_imbalance_ratio,n_estimators,n_folds,n_rows,natural_ratio_mean,time_mean,time_std,roc_auc_mean,roc_auc_std,log_loss_mean,log_loss_std
seismic-bumps,shared,1,4,5,2584,14.2,0.9393305508001504,0.0732818545489431,0.7804555775043195,0.05829926900654358,0.20942518533570692,0.014896628503755527
seismic-bumps,independent,1,4,5,2584,14.2,1.0149245543991128,0.047676414161469595,0.7763519335210181,0.06033280140283693,0.2094549775123596,0.012836804256467178
seismic-bumps,shared,5,4,5,2584,14.2,1.485950629400031,0.022041361469541932,0.7808706921339706,0.05642867612557035,0.20944286204083715,0.015584372809442816
seismic-bumps,independent,5,4,5,2584,14.2,1.5804170840001461,0.03784120730166435,0.7806033400190312,0.05720298910720019,0.20892828404903413,0.01564214096622386
seismic-bumps,shared,20,4,5,2584,14.2,3.586588155399659,0.028919016969370957,0.777518595386919,0.06243471353970382,0.21110958755016326,0.017644366066863214
seismic-bumps,independent,20,4,5,2584,14.2,3.543245494999792,0.03353200852581986,0.777518595386919,0.06243471353970382,0.21110958755016326,0.017644366066863214
seismic-bumps,independent,none,4,5,2584,14.2,3.612758598599612,0.042913590216058894,0.777518595386919,0.06243471353970382,0.21110958755016326,0.017644366066863214
anneal,shared,1,4,5,898,85.98571428571428,0.5661243787995772,0.01898409158170031,0.9618519336088817,0.022029134237742887,0.30048493873675214,0.11422443939400505
anneal,independent,1,4,5,898,85.98571428571428,0.7175036104006722,0.04529626057431439,0.9810272417051855,0.016333547075652693,0.18308931440114976,0.07616882140698875
anneal,shared,5,4,5,898,85.98571428571428,0.7319146144000115,0.01416722304232508,0.9981321686182699,0.0016119636662362607,0.056036358006137085,0.019786932064452433
anneal,independent,5,4,5,898,85.98571428571428,0.8868979825994756,0.04089314010580021,0.9985365377946313,0.001830199621335402,0.05417675655335188,0.032438607761425285
anneal,shared,20,4,5,898,85.98571428571428,0.9398131185997045,0.017017491752247264,0.999038986553052,0.0014891144092550506,0.035992274293234774,0.02099019034694236
anneal,independent,20,4,5,898,85.98571428571428,1.1271081689999847,0.03152029853291537,0.9993071255934629,0.0010430183393009438,0.02902491232380271,0.01980195960866768
anneal,independent,none,4,5,898,85.98571428571428,1.5922447771994483,0.016374642388761594,0.9997105493660727,0.0004851939815708691,0.01813268242403865,0.013417536904302184
MIC,shared,1,4,5,1699,119.31555555555556,2.332666923799843,0.1308291290248423,0.8282321105931892,0.04802343791616098,0.5906352531244256,0.07610189130793796
MIC,independent,1,4,5,1699,119.31555555555556,2.825400283800627,0.05419460757081151,0.8890118273185955,0.017804503181430075,0.5233436107635498,0.028565963161346714
MIC,shared,5,4,5,1699,119.31555555555556,2.940200936600013,0.04119633610143571,0.9022137512608538,0.01437290478218349,0.46499533434699086,0.01938077596322001
MIC,independent,5,4,5,1699,119.31555555555556,3.5073324075998245,0.032969301532332636,0.9178575821922765,0.012828959825593254,0.45099797248840334,0.026179243869214185
MIC,shared,20,4,5,1699,119.31555555555556,3.8718042696003976,0.05029553453995404,0.9188203062516921,0.010576991857267836,0.4451352230857039,0.014312697343866865
MIC,independent,20,4,5,1699,119.31555555555556,4.402864245599995,0.06058781962416318,0.9238901701484812,0.014608932844005947,0.4367711365222931,0.024290141535335295
MIC,independent,none,4,5,1699,119.31555555555556,8.063118969799689,0.24666671328256612,0.9256482597619555,0.012944075696960052,0.4413546323776245,0.019971903807150138
students_dropout_and_academic_success,shared,1,4,5,4424,2.7821170702718767,5.701310187399213,0.041974443723460333,0.9113274731467585,0.00758707231442088,0.5426412304388677,0.025601218703470582
students_dropout_and_academic_success,independent,1,4,5,4424,2.7821170702718767,5.9128816174004895,0.01778579710140335,0.9131787411693916,0.007335514303704451,0.5377030849456788,0.024259094120770486
students_dropout_and_academic_success,shared,5,4,5,4424,2.7821170702718767,10.2138387504001,0.10306401404924836,0.9155428581273123,0.007080003199863238,0.530246353149414,0.024456055797629134
students_dropout_and_academic_success,independent,5,4,5,4424,2.7821170702718767,10.175011235800412,0.014973716925724589,0.9155428581273123,0.007080003199863238,0.530246353149414,0.024456055797629134
students_dropout_and_academic_success,shared,20,4,5,4424,2.7821170702718767,10.360402057000101,0.11596158253925228,0.9155428581273123,0.007080003199863238,0.530246353149414,0.024456055797629134
students_dropout_and_academic_success,independent,20,4,5,4424,2.7821170702718767,10.367200652400062,0.06555109738694216,0.9155428581273123,0.007080003199863238,0.530246353149414,0.024456055797629134
students_dropout_and_academic_success,independent,none,4,5,4424,2.7821170702718767,10.347449122399485,0.08898603499431045,0.9155428581273123,0.007080003199863238,0.530246353149414,0.024456055797629134
polish_companies_bankruptcy,shared,1,4,5,5910,13.414634146341461,4.950338035000096,0.2638238968489718,0.9648292682926829,0.007872425840746301,0.10379177515198915,0.010122651908250903
polish_companies_bankruptcy,independent,1,4,5,5910,13.414634146341461,5.2804618640002445,0.014777857295492997,0.9715831485587583,0.004281370525719282,0.0925760731101036,0.004461429051798924
polish_companies_bankruptcy,shared,5,4,5,5910,13.414634146341461,9.320304241000121,0.0701169435800769,0.9822461197339246,0.0067712071354057496,0.07322784722881974,0.00995302991442708
polish_companies_bankruptcy,independent,5,4,5,5910,13.414634146341461,9.998302847199374,0.49291576745125437,0.9827405764966739,0.0067100853718059916,0.06960512474179267,0.01116310833557605
polish_companies_bankruptcy,shared,20,4,5,5910,13.414634146341461,21.481383640000058,0.4070134879552038,0.9856829268292682,0.00532841269503996,0.0632423497736454,0.010346071051255925
polish_companies_bankruptcy,independent,20,4,5,5910,13.414634146341461,20.82436212419998,0.20874698094295158,0.9856829268292682,0.00532841269503996,0.0632423497736454,0.010346071051255925
polish_companies_bankruptcy,independent,none,4,5,5910,13.414634146341461,20.603895320800074,0.08826467242128923,0.9856829268292682,0.00532841269503996,0.0632423497736454,0.010346071051255925
taiwanese_bankruptcy_prediction,shared,1,4,5,6819,29.99545454545455,6.280359327200495,0.04217309850954792,0.9389925166615496,0.02167404169983159,0.09019496308066309,0.021127672945221096
taiwanese_bankruptcy_prediction,independent,1,4,5,6819,29.99545454545455,6.659456783799032,0.16829059852062286,0.9427362222403233,0.021156826164951133,0.08681552708148957,0.017169912750372367
taiwanese_bankruptcy_prediction,shared,5,4,5,6819,29.99545454545455,9.142961347999153,0.0786221138065393,0.9469679869548054,0.018164675494592893,0.08217268255992657,0.010101111944099345
taiwanese_bankruptcy_prediction,independent,5,4,5,6819,29.99545454545455,9.706592759199339,0.05506676500159163,0.9480019037295555,0.021249888922146163,0.08088844120502472,0.012548817423780934
taiwanese_bankruptcy_prediction,shared,20,4,5,6819,29.99545454545455,21.73808142840062,0.04402279464340758,0.9494720413870598,0.01796769981477035,0.08094790579129717,0.011090881786967391
taiwanese_bankruptcy_prediction,independent,20,4,5,6819,29.99545454545455,22.608004211799926,0.13683206063643177,0.9497579819840141,0.01897425987438465,0.08035528957843781,0.01154671839530866
taiwanese_bankruptcy_prediction,independent,none,4,5,6819,29.99545454545455,31.662422388799676,0.19046001898479098,0.9500060907858654,0.019273889877325638,0.08066751956939697,0.011759424936995059
coil2000_insurance_policies,shared,1,4,5,9822,15.76110382155158,9.904743277400485,0.16449584242717227,0.753795794360659,0.010306695955405029,0.20250458074519453,0.002698802335374496
coil2000_insurance_policies,independent,1,4,5,9822,15.76110382155158,10.64966679600002,0.07451089638460069,0.7653133018647871,0.01149946507087936,0.1998167186975479,0.0034739854605075316
coil2000_insurance_policies,shared,5,4,5,9822,15.76110382155158,18.70996194580075,0.2711899539191145,0.7671064645627153,0.013752078722420312,0.19975672190548227,0.004232845010173005
coil2000_insurance_policies,independent,5,4,5,9822,15.76110382155158,19.12328345660062,0.12874362139551795,0.7696482264526643,0.013149818616338717,0.199189692735672,0.003993186375162941
coil2000_insurance_policies,shared,20,4,5,9822,15.76110382155158,47.54765770179911,0.36939126817738666,0.7714873193558281,0.014723333618987039,0.1997212290763855,0.004334021529279403
coil2000_insurance_policies,independent,20,4,5,9822,15.76110382155158,47.92694600300056,0.5181412167514512,0.7714873193558281,0.014723333618987039,0.1997212290763855,0.004334021529279403
coil2000_insurance_policies,independent,none,4,5,9822,15.76110382155158,48.801576700601075,2.702608134335912,0.7714873193558281,0.014723333618987039,0.1997212290763855,0.004334021529279403
APSFailure,shared,1,4,5,12000,54.29998006776958,17.0441550920008,0.3107183259811043,0.9854913473084205,0.008302288102677708,0.03768936546035697,0.01118398625772854
APSFailure,independent,1,4,5,12000,54.29998006776958,17.801756947198736,0.43404416600344126,0.9872448661552026,0.006873090463544886,0.032794727757573125,0.006210284250544166
APSFailure,shared,5,4,5,12000,54.29998006776958,21.529343129000335,0.21716661411048815,0.9900309381225838,0.0067192497200322865,0.027448570161314783,0.005520912443415471
APSFailure,independent,5,4,5,12000,54.29998006776958,22.630350504999296,0.054267821315153675,0.9907513634188441,0.006570234329001684,0.025961818546056746,0.005932842585030148
APSFailure,shared,20,4,5,12000,54.29998006776958,42.87982621939955,0.2315862621220271,0.9915868908278664,0.006866031700972676,0.024762269273127767,0.007679065654368384
APSFailure,independent,20,4,5,12000,54.29998006776958,45.48712288040078,0.6494317347249303,0.9918520508945903,0.006445907756544298,0.02376733236014843,0.007400822952503653
APSFailure,independent,none,4,5,12000,54.29998006776958,93.26227693060028,2.1586089237500437,0.9918465991768691,0.0062241452148207015,0.02333974614739418,0.006794867649580702
kddcup09_appetency,shared,1,4,5,12000,55.07507139942881,17.444169828400483,0.917305052963131,0.8158811656946098,0.025374166788386072,0.07814266435006906,0.003118544563904266
kddcup09_appetency,independent,1,4,5,12000,55.07507139942881,21.632124457799726,0.5832826457118508,0.819140145819366,0.0199631027111207,0.07677004039287567,0.002471884848388325
kddcup09_appetency,shared,5,4,5,12000,55.07507139942881,24.564555073000882,1.098625575871869,0.8217021531177288,0.024883166175240737,0.07622925523280549,0.0025556492851400926
kddcup09_appetency,independent,5,4,5,12000,55.07507139942881,27.32511143339907,1.0200195348842656,0.8233206398200723,0.02779342919044805,0.07631507962942123,0.0030450979336129097
kddcup09_appetency,shared,20,4,5,12000,55.07507139942881,48.1000882806009,2.2352864299258677,0.8235408291839041,0.025080915493172106,0.07702169802543424,0.0028013698439069896
kddcup09_appetency,independent,20,4,5,12000,55.07507139942881,50.72688365359973,0.8560603061360117,0.8219738835700741,0.028324919212906776,0.07691802680492402,0.0031679397590805205
kddcup09_appetency,independent,none,4,5,12000,55.07507139942881,106.03512802179975,4.725891278003798,0.8194552252966059,0.026900683245606086,0.07820947468280792,0.002598765532360494
