dataset,strategy,fold,max_imbalance_ratio,n_estimators,n_splits,max_rows,seed,n_context,expected_seconds,reason
APSFailure,class_aware,3,30,1,5,12000,0,5363,15.448184591223992,expected 15s > 15s
APSFailure,uniform,3,30,1,5,12000,0,5363,15.448184591223992,expected 15s > 15s
APSFailure,class_aware,4,30,1,5,12000,0,5363,15.448184591223992,expected 15s > 15s
APSFailure,uniform,4,30,1,5,12000,0,5363,15.448184591223992,expected 15s > 15s
APSFailure,class_aware,0,30,1,5,12000,0,5394,15.513008545987875,expected 16s > 15s
APSFailure,uniform,0,30,1,5,12000,0,5394,15.513008545987875,expected 16s > 15s
APSFailure,class_aware,1,30,1,5,12000,0,5394,15.513008545987875,expected 16s > 15s
APSFailure,uniform,1,30,1,5,12000,0,5394,15.513008545987875,expected 16s > 15s
APSFailure,class_aware,2,30,1,5,12000,0,5394,15.513008545987875,expected 16s > 15s
APSFailure,uniform,2,30,1,5,12000,0,5394,15.513008545987875,expected 16s > 15s
coil2000_insurance_policies,class_aware,1,3,4,5,12000,0,1872,16.296305303622876,expected 16s > 15s
coil2000_insurance_policies,uniform,1,3,4,5,12000,0,1872,16.296305303622876,expected 16s > 15s
coil2000_insurance_policies,class_aware,0,3,4,5,12000,0,1876,16.316104977761935,expected 16s > 15s
coil2000_insurance_policies,uniform,0,3,4,5,12000,0,1876,16.316104977761935,expected 16s > 15s
coil2000_insurance_policies,class_aware,2,3,4,5,12000,0,1876,16.316104977761935,expected 16s > 15s
coil2000_insurance_policies,uniform,2,3,4,5,12000,0,1876,16.316104977761935,expected 16s > 15s
coil2000_insurance_policies,class_aware,3,3,4,5,12000,0,1876,16.316104977761935,expected 16s > 15s
coil2000_insurance_policies,uniform,3,3,4,5,12000,0,1876,16.316104977761935,expected 16s > 15s
coil2000_insurance_policies,class_aware,4,3,4,5,12000,0,1876,16.316104977761935,expected 16s > 15s
coil2000_insurance_policies,uniform,4,3,4,5,12000,0,1876,16.316104977761935,expected 16s > 15s
kddcup09_appetency,class_aware,1,30,1,5,12000,0,5301,16.671068548035056,expected 17s > 15s
kddcup09_appetency,uniform,1,30,1,5,12000,0,5301,16.671068548035056,expected 17s > 15s
kddcup09_appetency,class_aware,2,30,1,5,12000,0,5301,16.671068548035056,expected 17s > 15s
kddcup09_appetency,uniform,2,30,1,5,12000,0,5301,16.671068548035056,expected 17s > 15s
kddcup09_appetency,class_aware,3,30,1,5,12000,0,5301,16.671068548035056,expected 17s > 15s
kddcup09_appetency,uniform,3,30,1,5,12000,0,5301,16.671068548035056,expected 17s > 15s
kddcup09_appetency,class_aware,4,30,1,5,12000,0,5301,16.671068548035056,expected 17s > 15s
kddcup09_appetency,uniform,4,30,1,5,12000,0,5301,16.671068548035056,expected 17s > 15s
kddcup09_appetency,class_aware,0,30,1,5,12000,0,5332,16.742713753341445,expected 17s > 15s
kddcup09_appetency,uniform,0,30,1,5,12000,0,5332,16.742713753341445,expected 17s > 15s
APSFailure,class_aware,3,1,4,5,12000,0,346,18.228207119922562,expected 18s > 15s
APSFailure,uniform,3,1,4,5,12000,0,346,18.228207119922562,expected 18s > 15s
APSFailure,class_aware,4,1,4,5,12000,0,346,18.228207119922562,expected 18s > 15s
APSFailure,uniform,4,1,4,5,12000,0,346,18.228207119922562,expected 18s > 15s
APSFailure,class_aware,0,1,4,5,12000,0,348,18.23390549927774,expected 18s > 15s
APSFailure,uniform,0,1,4,5,12000,0,348,18.23390549927774,expected 18s > 15s
APSFailure,class_aware,1,1,4,5,12000,0,348,18.23390549927774,expected 18s > 15s
APSFailure,uniform,1,1,4,5,12000,0,348,18.23390549927774,expected 18s > 15s
APSFailure,class_aware,2,1,4,5,12000,0,348,18.23390549927774,expected 18s > 15s
APSFailure,uniform,2,1,4,5,12000,0,348,18.23390549927774,expected 18s > 15s
APSFailure,class_aware,3,3,4,5,12000,0,692,20.68420862200383,expected 21s > 15s
APSFailure,uniform,3,3,4,5,12000,0,692,20.68420862200383,expected 21s > 15s
APSFailure,class_aware,4,3,4,5,12000,0,692,20.68420862200383,expected 21s > 15s
APSFailure,uniform,4,3,4,5,12000,0,692,20.68420862200383,expected 21s > 15s
APSFailure,class_aware,0,3,4,5,12000,0,696,20.712700518779712,expected 21s > 15s
APSFailure,uniform,0,3,4,5,12000,0,696,20.712700518779712,expected 21s > 15s
APSFailure,class_aware,1,3,4,5,12000,0,696,20.712700518779712,expected 21s > 15s
APSFailure,uniform,1,3,4,5,12000,0,696,20.712700518779712,expected 21s > 15s
APSFailure,class_aware,2,3,4,5,12000,0,696,20.712700518779712,expected 21s > 15s
APSFailure,uniform,2,3,4,5,12000,0,696,20.712700518779712,expected 21s > 15s
coil2000_insurance_policies,class_aware,1,5,4,5,12000,0,2808,20.929429052161815,expected 21s > 15s
coil2000_insurance_policies,uniform,1,5,4,5,12000,0,2808,20.929429052161815,expected 21s > 15s
coil2000_insurance_policies,class_aware,0,5,4,5,12000,0,2814,20.960810800688577,expected 21s > 15s
coil2000_insurance_policies,uniform,0,5,4,5,12000,0,2814,20.960810800688577,expected 21s > 15s
coil2000_insurance_policies,class_aware,2,5,4,5,12000,0,2814,20.960810800688577,expected 21s > 15s
coil2000_insurance_policies,uniform,2,5,4,5,12000,0,2814,20.960810800688577,expected 21s > 15s
coil2000_insurance_policies,class_aware,3,5,4,5,12000,0,2814,20.960810800688577,expected 21s > 15s
coil2000_insurance_policies,uniform,3,5,4,5,12000,0,2814,20.960810800688577,expected 21s > 15s
coil2000_insurance_policies,class_aware,4,5,4,5,12000,0,2814,20.960810800688577,expected 21s > 15s
coil2000_insurance_policies,uniform,4,5,4,5,12000,0,2814,20.960810800688577,expected 21s > 15s
kddcup09_appetency,class_aware,1,1,4,5,12000,0,342,22.150343820445226,expected 22s > 15s
kddcup09_appetency,uniform,1,1,4,5,12000,0,342,22.150343820445226,expected 22s > 15s
kddcup09_appetency,class_aware,2,1,4,5,12000,0,342,22.150343820445226,expected 22s > 15s
kddcup09_appetency,uniform,2,1,4,5,12000,0,342,22.150343820445226,expected 22s > 15s
kddcup09_appetency,class_aware,3,1,4,5,12000,0,342,22.150343820445226,expected 22s > 15s
kddcup09_appetency,uniform,3,1,4,5,12000,0,342,22.150343820445226,expected 22s > 15s
kddcup09_appetency,class_aware,4,1,4,5,12000,0,342,22.150343820445226,expected 22s > 15s
kddcup09_appetency,uniform,4,1,4,5,12000,0,342,22.150343820445226,expected 22s > 15s
kddcup09_appetency,class_aware,0,1,4,5,12000,0,344,22.163981957138436,expected 22s > 15s
kddcup09_appetency,uniform,0,1,4,5,12000,0,344,22.163981957138436,expected 22s > 15s
APSFailure,class_aware,3,5,4,5,12000,0,1038,23.14875769311786,expected 23s > 15s
APSFailure,uniform,3,5,4,5,12000,0,1038,23.14875769311786,expected 23s > 15s
APSFailure,class_aware,4,5,4,5,12000,0,1038,23.14875769311786,expected 23s > 15s
APSFailure,uniform,4,5,4,5,12000,0,1038,23.14875769311786,expected 23s > 15s
APSFailure,class_aware,0,5,4,5,12000,0,1044,23.195976375712526,expected 23s > 15s
APSFailure,uniform,0,5,4,5,12000,0,1044,23.195976375712526,expected 23s > 15s
APSFailure,class_aware,1,5,4,5,12000,0,1044,23.195976375712526,expected 23s > 15s
APSFailure,uniform,1,5,4,5,12000,0,1044,23.195976375712526,expected 23s > 15s
APSFailure,class_aware,2,5,4,5,12000,0,1044,23.195976375712526,expected 23s > 15s
APSFailure,uniform,2,5,4,5,12000,0,1044,23.195976375712526,expected 23s > 15s
APSFailure,class_aware,0,none,1,5,12000,0,9600,24.30815544072647,expected 24s > 15s
APSFailure,class_aware,1,none,1,5,12000,0,9600,24.30815544072647,expected 24s > 15s
APSFailure,class_aware,2,none,1,5,12000,0,9600,24.30815544072647,expected 24s > 15s
APSFailure,class_aware,3,none,1,5,12000,0,9600,24.30815544072647,expected 24s > 15s
APSFailure,class_aware,4,none,1,5,12000,0,9600,24.30815544072647,expected 24s > 15s
coil2000_insurance_policies,class_aware,1,1,8,5,12000,0,936,24.509312991953085,expected 25s > 15s
coil2000_insurance_policies,uniform,1,1,8,5,12000,0,936,24.509312991953085,expected 25s > 15s
coil2000_insurance_policies,class_aware,0,1,8,5,12000,0,938,24.513470923522288,expected 25s > 15s
coil2000_insurance_policies,uniform,0,1,8,5,12000,0,938,24.513470923522288,expected 25s > 15s
coil2000_insurance_policies,class_aware,2,1,8,5,12000,0,938,24.513470923522288,expected 25s > 15s
coil2000_insurance_policies,uniform,2,1,8,5,12000,0,938,24.513470923522288,expected 25s > 15s
coil2000_insurance_policies,class_aware,3,1,8,5,12000,0,938,24.513470923522288,expected 25s > 15s
coil2000_insurance_policies,uniform,3,1,8,5,12000,0,938,24.513470923522288,expected 25s > 15s
coil2000_insurance_policies,class_aware,4,1,8,5,12000,0,938,24.513470923522288,expected 25s > 15s
coil2000_insurance_policies,uniform,4,1,8,5,12000,0,938,24.513470923522288,expected 25s > 15s
kddcup09_appetency,class_aware,1,3,4,5,12000,0,684,25.06208600444577,expected 25s > 15s
kddcup09_appetency,uniform,1,3,4,5,12000,0,684,25.06208600444577,expected 25s > 15s
kddcup09_appetency,class_aware,2,3,4,5,12000,0,684,25.06208600444577,expected 25s > 15s
kddcup09_appetency,uniform,2,3,4,5,12000,0,684,25.06208600444577,expected 25s > 15s
kddcup09_appetency,class_aware,3,3,4,5,12000,0,684,25.06208600444577,expected 25s > 15s
kddcup09_appetency,uniform,3,3,4,5,12000,0,684,25.06208600444577,expected 25s > 15s
kddcup09_appetency,class_aware,4,3,4,5,12000,0,684,25.06208600444577,expected 25s > 15s
kddcup09_appetency,uniform,4,3,4,5,12000,0,684,25.06208600444577,expected 25s > 15s
kddcup09_appetency,class_aware,0,3,4,5,12000,0,688,25.0961813461788,expected 25s > 15s
kddcup09_appetency,uniform,0,3,4,5,12000,0,688,25.0961813461788,expected 25s > 15s
kddcup09_appetency,class_aware,0,none,1,5,12000,0,9600,26.60664072907235,expected 27s > 15s
kddcup09_appetency,class_aware,1,none,1,5,12000,0,9600,26.60664072907235,expected 27s > 15s
kddcup09_appetency,class_aware,2,none,1,5,12000,0,9600,26.60664072907235,expected 27s > 15s
kddcup09_appetency,class_aware,3,none,1,5,12000,0,9600,26.60664072907235,expected 27s > 15s
kddcup09_appetency,class_aware,4,none,1,5,12000,0,9600,26.60664072907235,expected 27s > 15s
kddcup09_appetency,class_aware,1,5,4,5,12000,0,1026,27.97723772261962,expected 28s > 15s
kddcup09_appetency,uniform,1,5,4,5,12000,0,1026,27.97723772261962,expected 28s > 15s
kddcup09_appetency,class_aware,2,5,4,5,12000,0,1026,27.97723772261962,expected 28s > 15s
kddcup09_appetency,uniform,2,5,4,5,12000,0,1026,27.97723772261962,expected 28s > 15s
kddcup09_appetency,class_aware,3,5,4,5,12000,0,1026,27.97723772261962,expected 28s > 15s
kddcup09_appetency,uniform,3,5,4,5,12000,0,1026,27.97723772261962,expected 28s > 15s
kddcup09_appetency,class_aware,4,5,4,5,12000,0,1026,27.97723772261962,expected 28s > 15s
kddcup09_appetency,uniform,4,5,4,5,12000,0,1026,27.97723772261962,expected 28s > 15s
kddcup09_appetency,class_aware,0,5,4,5,12000,0,1032,28.032256837226704,expected 28s > 15s
kddcup09_appetency,uniform,0,5,4,5,12000,0,1032,28.032256837226704,expected 28s > 15s
APSFailure,class_aware,3,10,4,5,12000,0,1903,30.918377605455625,expected 31s > 15s
APSFailure,uniform,3,10,4,5,12000,0,1903,30.918377605455625,expected 31s > 15s
APSFailure,class_aware,4,10,4,5,12000,0,1903,30.918377605455625,expected 31s > 15s
APSFailure,uniform,4,10,4,5,12000,0,1903,30.918377605455625,expected 31s > 15s
APSFailure,class_aware,0,10,4,5,12000,0,1914,31.01726749314733,expected 31s > 15s
APSFailure,uniform,0,10,4,5,12000,0,1914,31.01726749314733,expected 31s > 15s
APSFailure,class_aware,1,10,4,5,12000,0,1914,31.01726749314733,expected 31s > 15s
APSFailure,uniform,1,10,4,5,12000,0,1914,31.01726749314733,expected 31s > 15s
APSFailure,class_aware,2,10,4,5,12000,0,1914,31.01726749314733,expected 31s > 15s
APSFailure,uniform,2,10,4,5,12000,0,1914,31.01726749314733,expected 31s > 15s
coil2000_insurance_policies,class_aware,1,3,8,5,12000,0,1872,34.222241137608044,expected 34s > 15s
coil2000_insurance_policies,uniform,1,3,8,5,12000,0,1872,34.222241137608044,expected 34s > 15s
coil2000_insurance_policies,class_aware,0,3,8,5,12000,0,1876,34.26382045330006,expected 34s > 15s
coil2000_insurance_policies,uniform,0,3,8,5,12000,0,1876,34.26382045330006,expected 34s > 15s
coil2000_insurance_policies,class_aware,2,3,8,5,12000,0,1876,34.26382045330006,expected 34s > 15s
coil2000_insurance_policies,uniform,2,3,8,5,12000,0,1876,34.26382045330006,expected 34s > 15s
coil2000_insurance_policies,class_aware,3,3,8,5,12000,0,1876,34.26382045330006,expected 34s > 15s
coil2000_insurance_policies,uniform,3,3,8,5,12000,0,1876,34.26382045330006,expected 34s > 15s
coil2000_insurance_policies,class_aware,4,3,8,5,12000,0,1876,34.26382045330006,expected 34s > 15s
coil2000_insurance_policies,uniform,4,3,8,5,12000,0,1876,34.26382045330006,expected 34s > 15s
coil2000_insurance_policies,class_aware,1,10,4,5,12000,0,5148,35.785872244685656,expected 36s > 15s
coil2000_insurance_policies,uniform,1,10,4,5,12000,0,5148,35.785872244685656,expected 36s > 15s
coil2000_insurance_policies,class_aware,0,10,4,5,12000,0,5159,35.85574185731803,expected 36s > 15s
coil2000_insurance_policies,uniform,0,10,4,5,12000,0,5159,35.85574185731803,expected 36s > 15s
coil2000_insurance_policies,class_aware,2,10,4,5,12000,0,5159,35.85574185731803,expected 36s > 15s
coil2000_insurance_policies,uniform,2,10,4,5,12000,0,5159,35.85574185731803,expected 36s > 15s
coil2000_insurance_policies,class_aware,3,10,4,5,12000,0,5159,35.85574185731803,expected 36s > 15s
coil2000_insurance_policies,uniform,3,10,4,5,12000,0,5159,35.85574185731803,expected 36s > 15s
coil2000_insurance_policies,class_aware,4,10,4,5,12000,0,5159,35.85574185731803,expected 36s > 15s
coil2000_insurance_policies,uniform,4,10,4,5,12000,0,5159,35.85574185731803,expected 36s > 15s
kddcup09_appetency,class_aware,1,10,4,5,12000,0,1881,35.954578662646156,expected 36s > 15s
kddcup09_appetency,uniform,1,10,4,5,12000,0,1881,35.954578662646156,expected 36s > 15s
kddcup09_appetency,class_aware,2,10,4,5,12000,0,1881,35.954578662646156,expected 36s > 15s
kddcup09_appetency,uniform,2,10,4,5,12000,0,1881,35.954578662646156,expected 36s > 15s
kddcup09_appetency,class_aware,3,10,4,5,12000,0,1881,35.954578662646156,expected 36s > 15s
kddcup09_appetency,uniform,3,10,4,5,12000,0,1881,35.954578662646156,expected 36s > 15s
kddcup09_appetency,class_aware,4,10,4,5,12000,0,1881,35.954578662646156,expected 36s > 15s
kddcup09_appetency,uniform,4,10,4,5,12000,0,1881,35.954578662646156,expected 36s > 15s
kddcup09_appetency,class_aware,0,10,4,5,12000,0,1892,36.057223586179276,expected 36s > 15s
kddcup09_appetency,uniform,0,10,4,5,12000,0,1892,36.057223586179276,expected 36s > 15s
APSFailure,class_aware,3,1,8,5,12000,0,346,38.27923495183738,expected 38s > 15s
APSFailure,uniform,3,1,8,5,12000,0,346,38.27923495183738,expected 38s > 15s
APSFailure,class_aware,4,1,8,5,12000,0,346,38.27923495183738,expected 38s > 15s
APSFailure,uniform,4,1,8,5,12000,0,346,38.27923495183738,expected 38s > 15s
APSFailure,class_aware,0,1,8,5,12000,0,348,38.29120154848325,expected 38s > 15s
APSFailure,uniform,0,1,8,5,12000,0,348,38.29120154848325,expected 38s > 15s
APSFailure,class_aware,1,1,8,5,12000,0,348,38.29120154848325,expected 38s > 15s
APSFailure,uniform,1,1,8,5,12000,0,348,38.29120154848325,expected 38s > 15s
APSFailure,class_aware,2,1,8,5,12000,0,348,38.29120154848325,expected 38s > 15s
APSFailure,uniform,2,1,8,5,12000,0,348,38.29120154848325,expected 38s > 15s
APSFailure,class_aware,3,15,4,5,12000,0,2768,38.694718773939655,expected 39s > 15s
APSFailure,uniform,3,15,4,5,12000,0,2768,38.694718773939655,expected 39s > 15s
APSFailure,class_aware,4,15,4,5,12000,0,2768,38.694718773939655,expected 39s > 15s
APSFailure,uniform,4,15,4,5,12000,0,2768,38.694718773939655,expected 39s > 15s
APSFailure,class_aware,0,15,4,5,12000,0,2784,38.83855861058213,expected 39s > 15s
APSFailure,uniform,0,15,4,5,12000,0,2784,38.83855861058213,expected 39s > 15s
APSFailure,class_aware,1,15,4,5,12000,0,2784,38.83855861058213,expected 39s > 15s
APSFailure,uniform,1,15,4,5,12000,0,2784,38.83855861058213,expected 39s > 15s
APSFailure,class_aware,2,15,4,5,12000,0,2784,38.83855861058213,expected 39s > 15s
APSFailure,uniform,2,15,4,5,12000,0,2784,38.83855861058213,expected 39s > 15s
taiwanese_bankruptcy_prediction,class_aware,3,15,8,5,12000,0,2816,42.04908173399599,expected 42s > 15s
taiwanese_bankruptcy_prediction,uniform,3,15,8,5,12000,0,2816,42.04908173399599,expected 42s > 15s
taiwanese_bankruptcy_prediction,class_aware,4,15,8,5,12000,0,2816,42.04908173399599,expected 42s > 15s
taiwanese_bankruptcy_prediction,uniform,4,15,8,5,12000,0,2816,42.04908173399599,expected 42s > 15s
APSFailure,class_aware,3,3,8,5,12000,0,692,43.43683810620804,expected 43s > 15s
APSFailure,uniform,3,3,8,5,12000,0,692,43.43683810620804,expected 43s > 15s
APSFailure,class_aware,4,3,8,5,12000,0,692,43.43683810620804,expected 43s > 15s
APSFailure,uniform,4,3,8,5,12000,0,692,43.43683810620804,expected 43s > 15s
APSFailure,class_aware,0,3,8,5,12000,0,696,43.4966710894374,expected 43s > 15s
APSFailure,uniform,0,3,8,5,12000,0,696,43.4966710894374,expected 43s > 15s
APSFailure,class_aware,1,3,8,5,12000,0,696,43.4966710894374,expected 43s > 15s
APSFailure,uniform,1,3,8,5,12000,0,696,43.4966710894374,expected 43s > 15s
APSFailure,class_aware,2,3,8,5,12000,0,696,43.4966710894374,expected 43s > 15s
APSFailure,uniform,2,3,8,5,12000,0,696,43.4966710894374,expected 43s > 15s
kddcup09_appetency,class_aware,1,15,4,5,12000,0,2736,43.93288862817459,expected 44s > 15s
kddcup09_appetency,uniform,1,15,4,5,12000,0,2736,43.93288862817459,expected 44s > 15s
kddcup09_appetency,class_aware,2,15,4,5,12000,0,2736,43.93288862817459,expected 44s > 15s
kddcup09_appetency,uniform,2,15,4,5,12000,0,2736,43.93288862817459,expected 44s > 15s
kddcup09_appetency,class_aware,3,15,4,5,12000,0,2736,43.93288862817459,expected 44s > 15s
kddcup09_appetency,uniform,3,15,4,5,12000,0,2736,43.93288862817459,expected 44s > 15s
kddcup09_appetency,class_aware,4,15,4,5,12000,0,2736,43.93288862817459,expected 44s > 15s
kddcup09_appetency,uniform,4,15,4,5,12000,0,2736,43.93288862817459,expected 44s > 15s
coil2000_insurance_policies,class_aware,1,5,8,5,12000,0,2808,43.951801009539814,expected 44s > 15s
coil2000_insurance_policies,uniform,1,5,8,5,12000,0,2808,43.951801009539814,expected 44s > 15s
coil2000_insurance_policies,class_aware,0,5,8,5,12000,0,2814,44.01770268144602,expected 44s > 15s
coil2000_insurance_policies,uniform,0,5,8,5,12000,0,2814,44.01770268144602,expected 44s > 15s
coil2000_insurance_policies,class_aware,2,5,8,5,12000,0,2814,44.01770268144602,expected 44s > 15s
coil2000_insurance_policies,uniform,2,5,8,5,12000,0,2814,44.01770268144602,expected 44s > 15s
coil2000_insurance_policies,class_aware,3,5,8,5,12000,0,2814,44.01770268144602,expected 44s > 15s
coil2000_insurance_policies,uniform,3,5,8,5,12000,0,2814,44.01770268144602,expected 44s > 15s
coil2000_insurance_policies,class_aware,4,5,8,5,12000,0,2814,44.01770268144602,expected 44s > 15s
coil2000_insurance_policies,uniform,4,5,8,5,12000,0,2814,44.01770268144602,expected 44s > 15s
kddcup09_appetency,class_aware,0,15,4,5,12000,0,2752,44.08219033513185,expected 44s > 15s
kddcup09_appetency,uniform,0,15,4,5,12000,0,2752,44.08219033513185,expected 44s > 15s
APSFailure,class_aware,3,20,4,5,12000,0,3633,46.47105994242368,expected 46s > 15s
APSFailure,uniform,3,20,4,5,12000,0,3633,46.47105994242368,expected 46s > 15s
APSFailure,class_aware,4,20,4,5,12000,0,3633,46.47105994242368,expected 46s > 15s
APSFailure,uniform,4,20,4,5,12000,0,3633,46.47105994242368,expected 46s > 15s
kddcup09_appetency,class_aware,1,1,8,5,12000,0,342,46.51572202293497,expected 47s > 15s
kddcup09_appetency,uniform,1,1,8,5,12000,0,342,46.51572202293497,expected 47s > 15s
kddcup09_appetency,class_aware,2,1,8,5,12000,0,342,46.51572202293497,expected 47s > 15s
kddcup09_appetency,uniform,2,1,8,5,12000,0,342,46.51572202293497,expected 47s > 15s
kddcup09_appetency,class_aware,3,1,8,5,12000,0,342,46.51572202293497,expected 47s > 15s
kddcup09_appetency,uniform,3,1,8,5,12000,0,342,46.51572202293497,expected 47s > 15s
kddcup09_appetency,class_aware,4,1,8,5,12000,0,342,46.51572202293497,expected 47s > 15s
kddcup09_appetency,uniform,4,1,8,5,12000,0,342,46.51572202293497,expected 47s > 15s
kddcup09_appetency,class_aware,0,1,8,5,12000,0,344,46.54436210999072,expected 47s > 15s
kddcup09_appetency,uniform,0,1,8,5,12000,0,344,46.54436210999072,expected 47s > 15s
APSFailure,class_aware,0,20,4,5,12000,0,3654,46.653345155921826,expected 47s > 15s
APSFailure,uniform,0,20,4,5,12000,0,3654,46.653345155921826,expected 47s > 15s
APSFailure,class_aware,1,20,4,5,12000,0,3654,46.653345155921826,expected 47s > 15s
APSFailure,uniform,1,20,4,5,12000,0,3654,46.653345155921826,expected 47s > 15s
APSFailure,class_aware,2,20,4,5,12000,0,3654,46.653345155921826,expected 47s > 15s
APSFailure,uniform,2,20,4,5,12000,0,3654,46.653345155921826,expected 47s > 15s
APSFailure,class_aware,3,5,8,5,12000,0,1038,48.61239115554751,expected 49s > 15s
APSFailure,uniform,3,5,8,5,12000,0,1038,48.61239115554751,expected 49s > 15s
APSFailure,class_aware,4,5,8,5,12000,0,1038,48.61239115554751,expected 49s > 15s
APSFailure,uniform,4,5,8,5,12000,0,1038,48.61239115554751,expected 49s > 15s
APSFailure,class_aware,0,5,8,5,12000,0,1044,48.71155038899631,expected 49s > 15s
APSFailure,uniform,0,5,8,5,12000,0,1044,48.71155038899631,expected 49s > 15s
APSFailure,class_aware,1,5,8,5,12000,0,1044,48.71155038899631,expected 49s > 15s
APSFailure,uniform,1,5,8,5,12000,0,1044,48.71155038899631,expected 49s > 15s
APSFailure,class_aware,2,5,8,5,12000,0,1044,48.71155038899631,expected 49s > 15s
APSFailure,uniform,2,5,8,5,12000,0,1044,48.71155038899631,expected 49s > 15s
taiwanese_bankruptcy_prediction,class_aware,0,20,8,5,12000,0,3696,49.527957080414424,expected 50s > 15s
taiwanese_bankruptcy_prediction,uniform,0,20,8,5,12000,0,3696,49.527957080414424,expected 50s > 15s
taiwanese_bankruptcy_prediction,class_aware,1,20,8,5,12000,0,3696,49.527957080414424,expected 50s > 15s
taiwanese_bankruptcy_prediction,uniform,1,20,8,5,12000,0,3696,49.527957080414424,expected 50s > 15s
taiwanese_bankruptcy_prediction,class_aware,2,20,8,5,12000,0,3696,49.527957080414424,expected 50s > 15s
taiwanese_bankruptcy_prediction,uniform,2,20,8,5,12000,0,3696,49.527957080414424,expected 50s > 15s
taiwanese_bankruptcy_prediction,class_aware,3,20,8,5,12000,0,3696,49.527957080414424,expected 50s > 15s
taiwanese_bankruptcy_prediction,uniform,3,20,8,5,12000,0,3696,49.527957080414424,expected 50s > 15s
taiwanese_bankruptcy_prediction,class_aware,4,20,8,5,12000,0,3696,49.527957080414424,expected 50s > 15s
taiwanese_bankruptcy_prediction,uniform,4,20,8,5,12000,0,3696,49.527957080414424,expected 50s > 15s
coil2000_insurance_policies,class_aware,1,15,4,5,12000,0,7488,50.64904438648221,expected 51s > 15s
coil2000_insurance_policies,uniform,1,15,4,5,12000,0,7488,50.64904438648221,expected 51s > 15s
coil2000_insurance_policies,class_aware,0,15,4,5,12000,0,7504,50.750672913947476,expected 51s > 15s
coil2000_insurance_policies,uniform,0,15,4,5,12000,0,7504,50.750672913947476,expected 51s > 15s
coil2000_insurance_policies,class_aware,2,15,4,5,12000,0,7504,50.750672913947476,expected 51s > 15s
coil2000_insurance_policies,uniform,2,15,4,5,12000,0,7504,50.750672913947476,expected 51s > 15s
coil2000_insurance_policies,class_aware,3,15,4,5,12000,0,7504,50.750672913947476,expected 51s > 15s
coil2000_insurance_policies,uniform,3,15,4,5,12000,0,7504,50.750672913947476,expected 51s > 15s
coil2000_insurance_policies,class_aware,4,15,4,5,12000,0,7504,50.750672913947476,expected 51s > 15s
coil2000_insurance_policies,uniform,4,15,4,5,12000,0,7504,50.750672913947476,expected 51s > 15s
kddcup09_appetency,class_aware,1,20,4,5,12000,0,3591,51.91119859370303,expected 52s > 15s
kddcup09_appetency,uniform,1,20,4,5,12000,0,3591,51.91119859370303,expected 52s > 15s
kddcup09_appetency,class_aware,2,20,4,5,12000,0,3591,51.91119859370303,expected 52s > 15s
kddcup09_appetency,uniform,2,20,4,5,12000,0,3591,51.91119859370303,expected 52s > 15s
kddcup09_appetency,class_aware,3,20,4,5,12000,0,3591,51.91119859370303,expected 52s > 15s
kddcup09_appetency,uniform,3,20,4,5,12000,0,3591,51.91119859370303,expected 52s > 15s
kddcup09_appetency,class_aware,4,20,4,5,12000,0,3591,51.91119859370303,expected 52s > 15s
kddcup09_appetency,uniform,4,20,4,5,12000,0,3591,51.91119859370303,expected 52s > 15s
kddcup09_appetency,class_aware,0,20,4,5,12000,0,3612,52.10885711271852,expected 52s > 15s
kddcup09_appetency,uniform,0,20,4,5,12000,0,3612,52.10885711271852,expected 52s > 15s
kddcup09_appetency,class_aware,1,3,8,5,12000,0,684,52.63038060933612,expected 53s > 15s
kddcup09_appetency,uniform,1,3,8,5,12000,0,684,52.63038060933612,expected 53s > 15s
kddcup09_appetency,class_aware,2,3,8,5,12000,0,684,52.63038060933612,expected 53s > 15s
kddcup09_appetency,uniform,2,3,8,5,12000,0,684,52.63038060933612,expected 53s > 15s
kddcup09_appetency,class_aware,3,3,8,5,12000,0,684,52.63038060933612,expected 53s > 15s
kddcup09_appetency,uniform,3,3,8,5,12000,0,684,52.63038060933612,expected 53s > 15s
kddcup09_appetency,class_aware,4,3,8,5,12000,0,684,52.63038060933612,expected 53s > 15s
kddcup09_appetency,uniform,4,3,8,5,12000,0,684,52.63038060933612,expected 53s > 15s
kddcup09_appetency,class_aware,0,3,8,5,12000,0,688,52.70198082697548,expected 53s > 15s
kddcup09_appetency,uniform,0,3,8,5,12000,0,688,52.70198082697548,expected 53s > 15s
coil2000_insurance_policies,class_aware,0,20,4,5,12000,0,7857,52.99285230115012,expected 53s > 15s
coil2000_insurance_policies,class_aware,0,30,4,5,12000,0,7857,52.99285230115012,expected 53s > 15s
coil2000_insurance_policies,class_aware,0,none,4,5,12000,0,7857,52.99285230115012,expected 53s > 15s
coil2000_insurance_policies,class_aware,1,20,4,5,12000,0,7857,52.99285230115012,expected 53s > 15s
coil2000_insurance_policies,class_aware,1,30,4,5,12000,0,7857,52.99285230115012,expected 53s > 15s
coil2000_insurance_policies,class_aware,1,none,4,5,12000,0,7857,52.99285230115012,expected 53s > 15s
coil2000_insurance_policies,class_aware,2,20,4,5,12000,0,7858,52.9992040841167,expected 53s > 15s
coil2000_insurance_policies,class_aware,2,30,4,5,12000,0,7858,52.9992040841167,expected 53s > 15s
coil2000_insurance_policies,class_aware,2,none,4,5,12000,0,7858,52.9992040841167,expected 53s > 15s
coil2000_insurance_policies,class_aware,3,20,4,5,12000,0,7858,52.9992040841167,expected 53s > 15s
coil2000_insurance_policies,class_aware,3,30,4,5,12000,0,7858,52.9992040841167,expected 53s > 15s
coil2000_insurance_policies,class_aware,3,none,4,5,12000,0,7858,52.9992040841167,expected 53s > 15s
coil2000_insurance_policies,class_aware,4,20,4,5,12000,0,7858,52.9992040841167,expected 53s > 15s
coil2000_insurance_policies,class_aware,4,30,4,5,12000,0,7858,52.9992040841167,expected 53s > 15s
coil2000_insurance_policies,class_aware,4,none,4,5,12000,0,7858,52.9992040841167,expected 53s > 15s
kddcup09_appetency,class_aware,1,5,8,5,12000,0,1026,58.7521992175012,expected 59s > 15s
kddcup09_appetency,uniform,1,5,8,5,12000,0,1026,58.7521992175012,expected 59s > 15s
kddcup09_appetency,class_aware,2,5,8,5,12000,0,1026,58.7521992175012,expected 59s > 15s
kddcup09_appetency,uniform,2,5,8,5,12000,0,1026,58.7521992175012,expected 59s > 15s
kddcup09_appetency,class_aware,3,5,8,5,12000,0,1026,58.7521992175012,expected 59s > 15s
kddcup09_appetency,uniform,3,5,8,5,12000,0,1026,58.7521992175012,expected 59s > 15s
kddcup09_appetency,class_aware,4,5,8,5,12000,0,1026,58.7521992175012,expected 59s > 15s
kddcup09_appetency,uniform,4,5,8,5,12000,0,1026,58.7521992175012,expected 59s > 15s
kddcup09_appetency,class_aware,0,5,8,5,12000,0,1032,58.86773935817608,expected 59s > 15s
kddcup09_appetency,uniform,0,5,8,5,12000,0,1032,58.86773935817608,expected 59s > 15s
APSFailure,class_aware,3,30,4,5,12000,0,5363,60.69386702747202,expected 61s > 15s
APSFailure,uniform,3,30,4,5,12000,0,5363,60.69386702747202,expected 61s > 15s
APSFailure,class_aware,4,30,4,5,12000,0,5363,60.69386702747202,expected 61s > 15s
APSFailure,uniform,4,30,4,5,12000,0,5363,60.69386702747202,expected 61s > 15s
APSFailure,class_aware,0,30,4,5,12000,0,5394,60.948551742520614,expected 61s > 15s
APSFailure,uniform,0,30,4,5,12000,0,5394,60.948551742520614,expected 61s > 15s
APSFailure,class_aware,1,30,4,5,12000,0,5394,60.948551742520614,expected 61s > 15s
APSFailure,uniform,1,30,4,5,12000,0,5394,60.948551742520614,expected 61s > 15s
APSFailure,class_aware,2,30,4,5,12000,0,5394,60.948551742520614,expected 61s > 15s
APSFailure,uniform,2,30,4,5,12000,0,5394,60.948551742520614,expected 61s > 15s
APSFailure,class_aware,3,10,8,5,12000,0,1903,64.92859297145682,expected 65s > 15s
APSFailure,uniform,3,10,8,5,12000,0,1903,64.92859297145682,expected 65s > 15s
APSFailure,class_aware,4,10,8,5,12000,0,1903,64.92859297145682,expected 65s > 15s
APSFailure,uniform,4,10,8,5,12000,0,1903,64.92859297145682,expected 65s > 15s
APSFailure,class_aware,0,10,8,5,12000,0,1914,65.1362617356094,expected 65s > 15s
APSFailure,uniform,0,10,8,5,12000,0,1914,65.1362617356094,expected 65s > 15s
APSFailure,class_aware,1,10,8,5,12000,0,1914,65.1362617356094,expected 65s > 15s
APSFailure,uniform,1,10,8,5,12000,0,1914,65.1362617356094,expected 65s > 15s
APSFailure,class_aware,2,10,8,5,12000,0,1914,65.1362617356094,expected 65s > 15s
APSFailure,uniform,2,10,8,5,12000,0,1914,65.1362617356094,expected 65s > 15s
kddcup09_appetency,class_aware,1,30,4,5,12000,0,5301,68.0404321464287,expected 68s > 15s
kddcup09_appetency,uniform,1,30,4,5,12000,0,5301,68.0404321464287,expected 68s > 15s
kddcup09_appetency,class_aware,2,30,4,5,12000,0,5301,68.0404321464287,expected 68s > 15s
kddcup09_appetency,uniform,2,30,4,5,12000,0,5301,68.0404321464287,expected 68s > 15s
kddcup09_appetency,class_aware,3,30,4,5,12000,0,5301,68.0404321464287,expected 68s > 15s
kddcup09_appetency,uniform,3,30,4,5,12000,0,5301,68.0404321464287,expected 68s > 15s
kddcup09_appetency,class_aware,4,30,4,5,12000,0,5301,68.0404321464287,expected 68s > 15s
kddcup09_appetency,uniform,4,30,4,5,12000,0,5301,68.0404321464287,expected 68s > 15s
kddcup09_appetency,class_aware,0,30,4,5,12000,0,5332,68.33284116125701,expected 68s > 15s
kddcup09_appetency,uniform,0,30,4,5,12000,0,5332,68.33284116125701,expected 68s > 15s
taiwanese_bankruptcy_prediction,class_aware,0,30,8,5,12000,0,5455,69.35002932338801,expected 69s > 15s
taiwanese_bankruptcy_prediction,class_aware,0,none,8,5,12000,0,5455,69.35002932338801,expected 69s > 15s
taiwanese_bankruptcy_prediction,class_aware,1,30,8,5,12000,0,5455,69.35002932338801,expected 69s > 15s
taiwanese_bankruptcy_prediction,class_aware,1,none,8,5,12000,0,5455,69.35002932338801,expected 69s > 15s
taiwanese_bankruptcy_prediction,class_aware,2,30,8,5,12000,0,5455,69.35002932338801,expected 69s > 15s
taiwanese_bankruptcy_prediction,class_aware,2,none,8,5,12000,0,5455,69.35002932338801,expected 69s > 15s
taiwanese_bankruptcy_prediction,class_aware,3,30,8,5,12000,0,5455,69.35002932338801,expected 69s > 15s
taiwanese_bankruptcy_prediction,class_aware,3,none,8,5,12000,0,5455,69.35002932338801,expected 69s > 15s
taiwanese_bankruptcy_prediction,class_aware,4,30,8,5,12000,0,5456,69.36129826724418,expected 69s > 15s
taiwanese_bankruptcy_prediction,class_aware,4,none,8,5,12000,0,5456,69.36129826724418,expected 69s > 15s
coil2000_insurance_policies,class_aware,1,10,8,5,12000,0,5148,75.15033171383989,expected 75s > 15s
coil2000_insurance_policies,uniform,1,10,8,5,12000,0,5148,75.15033171383989,expected 75s > 15s
coil2000_insurance_policies,class_aware,0,10,8,5,12000,0,5159,75.29705790036786,expected 75s > 15s
coil2000_insurance_policies,uniform,0,10,8,5,12000,0,5159,75.29705790036786,expected 75s > 15s
coil2000_insurance_policies,class_aware,2,10,8,5,12000,0,5159,75.29705790036786,expected 75s > 15s
coil2000_insurance_policies,uniform,2,10,8,5,12000,0,5159,75.29705790036786,expected 75s > 15s
coil2000_insurance_policies,class_aware,3,10,8,5,12000,0,5159,75.29705790036786,expected 75s > 15s
coil2000_insurance_policies,uniform,3,10,8,5,12000,0,5159,75.29705790036786,expected 75s > 15s
coil2000_insurance_policies,class_aware,4,10,8,5,12000,0,5159,75.29705790036786,expected 75s > 15s
coil2000_insurance_policies,uniform,4,10,8,5,12000,0,5159,75.29705790036786,expected 75s > 15s
kddcup09_appetency,class_aware,1,10,8,5,12000,0,1881,75.50461519155694,expected 76s > 15s
kddcup09_appetency,uniform,1,10,8,5,12000,0,1881,75.50461519155694,expected 76s > 15s
kddcup09_appetency,class_aware,2,10,8,5,12000,0,1881,75.50461519155694,expected 76s > 15s
kddcup09_appetency,uniform,2,10,8,5,12000,0,1881,75.50461519155694,expected 76s > 15s
kddcup09_appetency,class_aware,3,10,8,5,12000,0,1881,75.50461519155694,expected 76s > 15s
kddcup09_appetency,uniform,3,10,8,5,12000,0,1881,75.50461519155694,expected 76s > 15s
kddcup09_appetency,class_aware,4,10,8,5,12000,0,1881,75.50461519155694,expected 76s > 15s
kddcup09_appetency,uniform,4,10,8,5,12000,0,1881,75.50461519155694,expected 76s > 15s
kddcup09_appetency,class_aware,0,10,8,5,12000,0,1892,75.72016953097648,expected 76s > 15s
kddcup09_appetency,uniform,0,10,8,5,12000,0,1892,75.72016953097648,expected 76s > 15s
APSFailure,class_aware,3,15,8,5,12000,0,2768,81.25890942527327,expected 81s > 15s
APSFailure,uniform,3,15,8,5,12000,0,2768,81.25890942527327,expected 81s > 15s
APSFailure,class_aware,4,15,8,5,12000,0,2768,81.25890942527327,expected 81s > 15s
APSFailure,uniform,4,15,8,5,12000,0,2768,81.25890942527327,expected 81s > 15s
APSFailure,class_aware,0,15,8,5,12000,0,2784,81.56097308222247,expected 82s > 15s
APSFailure,uniform,0,15,8,5,12000,0,2784,81.56097308222247,expected 82s > 15s
APSFailure,class_aware,1,15,8,5,12000,0,2784,81.56097308222247,expected 82s > 15s
APSFailure,uniform,1,15,8,5,12000,0,2784,81.56097308222247,expected 82s > 15s
APSFailure,class_aware,2,15,8,5,12000,0,2784,81.56097308222247,expected 82s > 15s
APSFailure,uniform,2,15,8,5,12000,0,2784,81.56097308222247,expected 82s > 15s
kddcup09_appetency,class_aware,1,15,8,5,12000,0,2736,92.25906611916665,expected 92s > 15s
kddcup09_appetency,uniform,1,15,8,5,12000,0,2736,92.25906611916665,expected 92s > 15s
kddcup09_appetency,class_aware,2,15,8,5,12000,0,2736,92.25906611916665,expected 92s > 15s
kddcup09_appetency,uniform,2,15,8,5,12000,0,2736,92.25906611916665,expected 92s > 15s
kddcup09_appetency,class_aware,3,15,8,5,12000,0,2736,92.25906611916665,expected 92s > 15s
kddcup09_appetency,uniform,3,15,8,5,12000,0,2736,92.25906611916665,expected 92s > 15s
kddcup09_appetency,class_aware,4,15,8,5,12000,0,2736,92.25906611916665,expected 92s > 15s
kddcup09_appetency,uniform,4,15,8,5,12000,0,2736,92.25906611916665,expected 92s > 15s
kddcup09_appetency,class_aware,0,15,8,5,12000,0,2752,92.57259970377689,expected 93s > 15s
kddcup09_appetency,uniform,0,15,8,5,12000,0,2752,92.57259970377689,expected 93s > 15s
APSFailure,class_aware,0,none,4,5,12000,0,9600,95.50351662943697,expected 96s > 15s
APSFailure,class_aware,1,none,4,5,12000,0,9600,95.50351662943697,expected 96s > 15s
APSFailure,class_aware,2,none,4,5,12000,0,9600,95.50351662943697,expected 96s > 15s
APSFailure,class_aware,3,none,4,5,12000,0,9600,95.50351662943697,expected 96s > 15s
APSFailure,class_aware,4,none,4,5,12000,0,9600,95.50351662943697,expected 96s > 15s
APSFailure,class_aware,3,20,8,5,12000,0,3633,97.58922587908972,expected 98s > 15s
APSFailure,uniform,3,20,8,5,12000,0,3633,97.58922587908972,expected 98s > 15s
APSFailure,class_aware,4,20,8,5,12000,0,3633,97.58922587908972,expected 98s > 15s
APSFailure,uniform,4,20,8,5,12000,0,3633,97.58922587908972,expected 98s > 15s
APSFailure,class_aware,0,20,8,5,12000,0,3654,97.97202482743583,expected 98s > 15s
APSFailure,uniform,0,20,8,5,12000,0,3654,97.97202482743583,expected 98s > 15s
APSFailure,class_aware,1,20,8,5,12000,0,3654,97.97202482743583,expected 98s > 15s
APSFailure,uniform,1,20,8,5,12000,0,3654,97.97202482743583,expected 98s > 15s
APSFailure,class_aware,2,20,8,5,12000,0,3654,97.97202482743583,expected 98s > 15s
APSFailure,uniform,2,20,8,5,12000,0,3654,97.97202482743583,expected 98s > 15s
coil2000_insurance_policies,class_aware,1,15,8,5,12000,0,7488,106.36299321161265,expected 106s > 15s
coil2000_insurance_policies,uniform,1,15,8,5,12000,0,7488,106.36299321161265,expected 106s > 15s
coil2000_insurance_policies,class_aware,0,15,8,5,12000,0,7504,106.57641311928971,expected 107s > 15s
coil2000_insurance_policies,uniform,0,15,8,5,12000,0,7504,106.57641311928971,expected 107s > 15s
coil2000_insurance_policies,class_aware,2,15,8,5,12000,0,7504,106.57641311928971,expected 107s > 15s
coil2000_insurance_policies,uniform,2,15,8,5,12000,0,7504,106.57641311928971,expected 107s > 15s
coil2000_insurance_policies,class_aware,3,15,8,5,12000,0,7504,106.57641311928971,expected 107s > 15s
coil2000_insurance_policies,uniform,3,15,8,5,12000,0,7504,106.57641311928971,expected 107s > 15s
coil2000_insurance_policies,class_aware,4,15,8,5,12000,0,7504,106.57641311928971,expected 107s > 15s
coil2000_insurance_policies,uniform,4,15,8,5,12000,0,7504,106.57641311928971,expected 107s > 15s
kddcup09_appetency,class_aware,0,none,4,5,12000,0,9600,108.59095971890947,expected 109s > 15s
kddcup09_appetency,class_aware,1,none,4,5,12000,0,9600,108.59095971890947,expected 109s > 15s
kddcup09_appetency,class_aware,2,none,4,5,12000,0,9600,108.59095971890947,expected 109s > 15s
kddcup09_appetency,class_aware,3,none,4,5,12000,0,9600,108.59095971890947,expected 109s > 15s
kddcup09_appetency,class_aware,4,none,4,5,12000,0,9600,108.59095971890947,expected 109s > 15s
kddcup09_appetency,class_aware,1,20,8,5,12000,0,3591,109.01351704677636,expected 109s > 15s
kddcup09_appetency,uniform,1,20,8,5,12000,0,3591,109.01351704677636,expected 109s > 15s
kddcup09_appetency,class_aware,2,20,8,5,12000,0,3591,109.01351704677636,expected 109s > 15s
kddcup09_appetency,uniform,2,20,8,5,12000,0,3591,109.01351704677636,expected 109s > 15s
kddcup09_appetency,class_aware,3,20,8,5,12000,0,3591,109.01351704677636,expected 109s > 15s
kddcup09_appetency,uniform,3,20,8,5,12000,0,3591,109.01351704677636,expected 109s > 15s
kddcup09_appetency,class_aware,4,20,8,5,12000,0,3591,109.01351704677636,expected 109s > 15s
kddcup09_appetency,uniform,4,20,8,5,12000,0,3591,109.01351704677636,expected 109s > 15s
kddcup09_appetency,class_aware,0,20,8,5,12000,0,3612,109.42859993670889,expected 109s > 15s
kddcup09_appetency,uniform,0,20,8,5,12000,0,3612,109.42859993670889,expected 109s > 15s
coil2000_insurance_policies,class_aware,0,20,8,5,12000,0,7857,111.28498983241526,expected 111s > 15s
coil2000_insurance_policies,class_aware,0,30,8,5,12000,0,7857,111.28498983241526,expected 111s > 15s
coil2000_insurance_policies,class_aware,0,none,8,5,12000,0,7857,111.28498983241526,expected 111s > 15s
coil2000_insurance_policies,class_aware,1,20,8,5,12000,0,7857,111.28498983241526,expected 111s > 15s
coil2000_insurance_policies,class_aware,1,30,8,5,12000,0,7857,111.28498983241526,expected 111s > 15s
coil2000_insurance_policies,class_aware,1,none,8,5,12000,0,7857,111.28498983241526,expected 111s > 15s
coil2000_insurance_policies,class_aware,2,20,8,5,12000,0,7858,111.29832857664506,expected 111s > 15s
coil2000_insurance_policies,class_aware,2,30,8,5,12000,0,7858,111.29832857664506,expected 111s > 15s
coil2000_insurance_policies,class_aware,2,none,8,5,12000,0,7858,111.29832857664506,expected 111s > 15s
coil2000_insurance_policies,class_aware,3,20,8,5,12000,0,7858,111.29832857664506,expected 111s > 15s
coil2000_insurance_policies,class_aware,3,30,8,5,12000,0,7858,111.29832857664506,expected 111s > 15s
coil2000_insurance_policies,class_aware,3,none,8,5,12000,0,7858,111.29832857664506,expected 111s > 15s
coil2000_insurance_policies,class_aware,4,20,8,5,12000,0,7858,111.29832857664506,expected 111s > 15s
coil2000_insurance_policies,class_aware,4,30,8,5,12000,0,7858,111.29832857664506,expected 111s > 15s
coil2000_insurance_policies,class_aware,4,none,8,5,12000,0,7858,111.29832857664506,expected 111s > 15s
APSFailure,class_aware,3,30,8,5,12000,0,5363,127.45712075769123,expected 127s > 15s
APSFailure,uniform,3,30,8,5,12000,0,5363,127.45712075769123,expected 127s > 15s
APSFailure,class_aware,4,30,8,5,12000,0,5363,127.45712075769123,expected 127s > 15s
APSFailure,uniform,4,30,8,5,12000,0,5363,127.45712075769123,expected 127s > 15s
APSFailure,class_aware,0,30,8,5,12000,0,5394,127.9919586592933,expected 128s > 15s
APSFailure,uniform,0,30,8,5,12000,0,5394,127.9919586592933,expected 128s > 15s
APSFailure,class_aware,1,30,8,5,12000,0,5394,127.9919586592933,expected 128s > 15s
APSFailure,uniform,1,30,8,5,12000,0,5394,127.9919586592933,expected 128s > 15s
APSFailure,class_aware,2,30,8,5,12000,0,5394,127.9919586592933,expected 128s > 15s
APSFailure,uniform,2,30,8,5,12000,0,5394,127.9919586592933,expected 128s > 15s
kddcup09_appetency,class_aware,1,30,8,5,12000,0,5301,142.88490750750026,expected 143s > 15s
kddcup09_appetency,uniform,1,30,8,5,12000,0,5301,142.88490750750026,expected 143s > 15s
kddcup09_appetency,class_aware,2,30,8,5,12000,0,5301,142.88490750750026,expected 143s > 15s
kddcup09_appetency,uniform,2,30,8,5,12000,0,5301,142.88490750750026,expected 143s > 15s
kddcup09_appetency,class_aware,3,30,8,5,12000,0,5301,142.88490750750026,expected 143s > 15s
kddcup09_appetency,uniform,3,30,8,5,12000,0,5301,142.88490750750026,expected 143s > 15s
kddcup09_appetency,class_aware,4,30,8,5,12000,0,5301,142.88490750750026,expected 143s > 15s
kddcup09_appetency,uniform,4,30,8,5,12000,0,5301,142.88490750750026,expected 143s > 15s
kddcup09_appetency,class_aware,0,30,8,5,12000,0,5332,143.4989664386397,expected 143s > 15s
kddcup09_appetency,uniform,0,30,8,5,12000,0,5332,143.4989664386397,expected 143s > 15s
APSFailure,class_aware,0,none,8,5,12000,0,9600,200.5573849218177,expected 201s > 15s
APSFailure,class_aware,1,none,8,5,12000,0,9600,200.5573849218177,expected 201s > 15s
APSFailure,class_aware,2,none,8,5,12000,0,9600,200.5573849218177,expected 201s > 15s
APSFailure,class_aware,3,none,8,5,12000,0,9600,200.5573849218177,expected 201s > 15s
APSFailure,class_aware,4,none,8,5,12000,0,9600,200.5573849218177,expected 201s > 15s
kddcup09_appetency,class_aware,0,none,8,5,12000,0,9600,228.0410154097099,expected 228s > 15s
kddcup09_appetency,class_aware,1,none,8,5,12000,0,9600,228.0410154097099,expected 228s > 15s
kddcup09_appetency,class_aware,2,none,8,5,12000,0,9600,228.0410154097099,expected 228s > 15s
kddcup09_appetency,class_aware,3,none,8,5,12000,0,9600,228.0410154097099,expected 228s > 15s
kddcup09_appetency,class_aware,4,none,8,5,12000,0,9600,228.0410154097099,expected 228s > 15s
